,symbol,entry_price,exit_price,entry_time,exit_time,pnl,balance_after,reason,duration,rsi,adx,volume_ratio,upper_wick_ratio
0,CCUSDT,0.11557775999999999,0.11384576864000001,2025-12-21 03:45:00+00:00,2025-12-21 03:45:00+00:00,-2.1359659999999865,97.79506848275864,Stop Loss (1m Fallback),0 days 00:00:00,79.10535033841494,27.833121083382668,2.518759976006477,0.01713988919667586
1,UNIUSDT,6.420208499999999,6.429832392541499,2025-12-21 05:15:00+00:00,2025-12-21 05:16:00+00:00,0.13472108689441348,97.86234469483736,Smart Break-even,0 days 00:01:00,73.34450725257305,32.51675755272867,5.570514990179344,0.018541601745091892
2,FOLKSUSDT,6.413205,6.317099870000001,2025-12-21 05:45:00+00:00,2025-12-21 05:45:00+00:00,-2.0903064094845196,95.7045470131495,Stop Loss (1m Fallback),0 days 00:00:00,66.45827678759733,36.520514963369344,2.7107976915717082,0.07269890795631828
3,LABUSDT,0.15750871499999997,0.15774482056378497,2025-12-21 06:45:00+00:00,2025-12-21 06:46:00+00:00,0.13184121443325247,95.63851534678878,Smart Break-even,0 days 00:01:00,82.05390574069241,34.51130380129446,3.5494268839251024,0.00323830084449813
4,NIGHTUSDT,0.08656325999999999,0.08669301832673999,2025-12-21 06:45:00+00:00,2025-12-21 06:46:00+00:00,0.1317502894577831,95.77026563624656,Smart Break-even,0 days 00:01:00,75.8444234813826,26.444269919071548,3.3999684140665174,0.008785111547797904
5,CYSUSDT,0.34097039999999995,0.3426286,2025-12-21 06:45:00+00:00,2025-12-21 06:46:00+00:00,0.5751396787405787,96.34540531498715,Smart Trailing (Max 52%),0 days 00:01:00,74.98891030447817,26.353809049889726,2.6325751242045925,0.0011733646230566485
6,LABUSDT,0.157548735,0.15518778729,2025-12-21 07:00:00+00:00,2025-12-21 07:00:00+00:00,-2.057905100090316,94.22105510778306,Stop Loss (1m Fallback),0 days 00:00:00,81.86322682310838,36.87545161424372,3.150634042791141,0.015814544299777657
7,FOLKSUSDT,7.153575,7.2673645,2025-12-21 07:15:00+00:00,2025-12-21 07:16:00+00:00,2.002217964729333,96.02846736904814,Smart Trailing (Max 265%),0 days 00:01:00,75.02097473534299,37.73174333752603,2.713639392717212,0.04167832167832168
8,LABUSDT,0.157428675,0.16183904000000002,2025-12-21 07:15:00+00:00,2025-12-21 07:16:00+00:00,3.5733525623781013,99.60181993142625,Smart Trailing (Max 75%),0 days 00:01:00,81.50626878650111,35.59012519197485,3.962009755172251,0.0010166476045242168
9,CYSUSDT,0.348174,0.34295643600000003,2025-12-21 07:15:00+00:00,2025-12-21 07:15:00+00:00,-2.009754756114274,97.59206517531197,Stop Loss (1m Fallback),0 days 00:00:00,79.1228277821973,32.055062805671966,3.281431990246514,0.0025869502730670076
10,LABUSDT,0.161970945,0.15954372823000001,2025-12-21 07:30:00+00:00,2025-12-21 07:30:00+00:00,-2.0845333308424987,95.37296851655356,Stop Loss (1m Fallback),0 days 00:00:00,85.82376301571234,35.652614096596906,2.8273589144403655,0.008708003952569135
11,CYSUSDT,0.34787385,0.353823,2025-12-21 07:30:00+00:00,2025-12-21 07:31:00+00:00,2.2331426264138496,97.6061111429674,Smart Trailing (Max 95%),0 days 00:01:00,78.51205996131573,35.10331582577531,3.6054534276895174,0.02617951668584579
12,CHZUSDT,0.038159069999999996,0.03854072,2025-12-21 08:45:00+00:00,2025-12-21 09:01:00+00:00,1.279151851356678,98.81794843491514,Smart Trailing (Max 72%),0 days 00:16:00,72.25600507326628,36.03951304586052,3.186112604869234,0.007865757734661815
13,HUSDT,0.13755874499999998,0.141159385,2025-12-21 10:30:00+00:00,2025-12-21 10:31:00+00:00,3.4995228988558966,102.1812177154534,Smart Trailing (Max 244%),0 days 00:01:00,77.7740681141556,36.89578519307506,2.516777158548301,0.0018183140592043074
14,PIPPINUSDT,0.47001488999999996,0.47916030000000004,2025-12-21 10:30:00+00:00,2025-12-21 10:31:00+00:00,2.582129859255898,104.7633475747093,Smart Trailing (Max 146%),0 days 00:01:00,84.23154361764843,41.9632438706971,6.229618431020763,0.021754863978883748
15,PIPPINUSDT,0.47963969999999995,0.47245205580000005,2025-12-21 10:45:00+00:00,2025-12-21 10:45:00+00:00,-2.2377094846576044,102.38118674897247,Stop Loss (1m Fallback),0 days 00:00:00,86.95996437738353,44.96249710108183,2.6157015091637357,0.009115561118064216
16,HUSDT,0.14131062,0.14488752000000002,2025-12-21 10:45:00+00:00,2025-12-21 10:46:00+00:00,3.582899912300564,105.96408666127303,Smart Trailing (Max 150%),0 days 00:01:00,81.06360144492076,39.54495905484112,3.5544905503377353,0.02152517170572835
17,PIPPINUSDT,0.46715345999999996,0.46888544,2025-12-21 11:00:00+00:00,2025-12-21 11:01:00+00:00,0.46876573441336705,106.35977371523035,Smart Trailing (Max 70%),0 days 00:01:00,70.0308023068651,45.279402766056684,2.903609150297699,0.027756360832690764
18,HUSDT,0.14253123,0.14300846000000003,2025-12-21 11:30:00+00:00,2025-12-21 11:31:00+00:00,0.41781021254740225,106.70423235969828,Smart Trailing (Max 83%),0 days 00:01:00,68.92963207704761,40.18922177223614,2.5354160708547235,0.0029484029484029744
19,RAVEUSDT,0.52274124,0.5573212,2025-12-21 15:45:00+00:00,2025-12-21 15:46:00+00:00,9.66238950949373,116.2930327434267,Smart Trailing (Max 474%),0 days 00:01:00,74.0315420560795,37.64371964713431,3.3834666271365648,0.013602448823416777
20,RAVEUSDT,0.5578788,0.5495187032000001,2025-12-21 16:00:00+00:00,2025-12-21 16:00:00+00:00,-2.4839796397684397,113.72885101211108,Stop Loss (1m Fallback),0 days 00:00:00,80.30991302203687,39.5168867388147,4.81561341306744,0.026398852223816476
21,RAVEUSDT,0.5685541350000001,0.5600340628900001,2025-12-21 16:15:00+00:00,2025-12-21 16:15:00+00:00,-2.429209589809337,111.14282813379563,Stop Loss (1m Fallback),0 days 00:00:00,81.74910651278425,41.462562638632164,4.0463663387384035,0.028741397821074797
22,NIGHTUSDT,0.1042521,0.10268982940000002,2025-12-21 16:15:00+00:00,2025-12-21 16:15:00+00:00,-2.4275342728508438,108.71529386094478,Stop Loss (1m Fallback),0 days 00:00:00,78.29534841146383,48.951581316109944,4.758320074808566,0.016697054025525435
23,LIGHTUSDT,4.6012995,4.64837465,2025-12-21 16:30:00+00:00,2025-12-21 16:31:00+00:00,1.4591220153625275,110.02451545447478,Smart Trailing (Max 83%),0 days 00:01:00,73.37956038509398,30.755714931871832,2.6467153646854986,0.013241721206323014
24,LUNA2USDT,0.11250622499999999,0.11082026215,2025-12-21 16:30:00+00:00,2025-12-21 16:30:00+00:00,-2.320520250419052,107.70399520405573,Stop Loss (1m Fallback),0 days 00:00:00,76.79518481053503,27.297748607139255,5.1362845545965365,0.004891062694530981
25,RAVEUSDT,0.6065031,0.5974143434,2025-12-21 16:45:00+00:00,2025-12-21 16:45:00+00:00,-2.300520718200249,105.25496847772395,Stop Loss (1m Fallback),0 days 00:00:00,85.91921167977611,45.673903403375185,2.9772368086121435,0.03838667106565492
26,LUNA2USDT,0.11133564,0.10966721896,2025-12-21 16:45:00+00:00,2025-12-21 16:45:00+00:00,-2.2989341521876994,102.95603432553625,Stop Loss (1m Fallback),0 days 00:00:00,70.76173593750111,29.774097607608876,3.8720549301525353,0.022735442127965407
27,LUNA2USDT,0.11997996,0.12390801500000001,2025-12-21 17:45:00+00:00,2025-12-21 17:46:00+00:00,4.578206465112603,107.46323662904503,Smart Trailing (Max 99%),0 days 00:01:00,77.48052971924484,34.42206814802447,6.7032099715049265,0.03352234823215473
28,LUNA2USDT,0.12403198499999998,0.12217330279000001,2025-12-21 18:00:00+00:00,2025-12-21 18:00:00+00:00,-2.295378196895936,105.09374585516353,Stop Loss (1m Fallback),0 days 00:00:00,80.89209893984857,37.02600198477018,3.622758803719445,0.015810276679841813
29,LUNA2USDT,0.121370655,0.11955185417,2025-12-21 18:15:00+00:00,2025-12-21 18:15:00+00:00,-2.2447666795926966,102.77650073015347,Stop Loss (1m Fallback),0 days 00:00:00,73.08970684677499,39.05711400176648,3.086580460942737,0.03519617540389062
30,NIGHTUSDT,0.11403698999999999,0.11232808786000001,2025-12-21 22:30:00+00:00,2025-12-21 22:30:00+00:00,-2.195271111585824,100.5103492732365,Stop Loss (1m Fallback),0 days 00:00:00,75.80817267228268,27.421543444647142,3.1040914474983103,0.022727272727272683
31,HYPEUSDT,24.960473999999998,24.586428636000004,2025-12-22 00:15:00+00:00,2025-12-22 00:15:00+00:00,-2.1468668869575627,98.29416490402153,Stop Loss (1m Fallback),0 days 00:00:00,74.26856019706955,30.896307478533654,3.310064246397667,0.0017235850569183606
32,XPINUSDT,0.0034217099999999997,0.00337043394,2025-12-22 02:15:00+00:00,2025-12-22 02:15:00+00:00,-2.099529942333818,95.99140794498052,Stop Loss (1m Fallback),0 days 00:00:00,74.24878932078879,30.606057936435327,2.573862703730078,0.007602339181286544
33,RIVERUSDT,4.9984980000000006,5.046475500000001,2025-12-22 02:15:00+00:00,2025-12-22 02:16:00+00:00,1.2326571454698814,97.22406509045041,Smart Trailing (Max 41%),0 days 00:01:00,72.49206799257384,27.486048069139628,2.636526782072155,0.005203121873123834
34,GIGGLEUSDT,69.17457,69.27826268043,2025-12-22 02:15:00+00:00,2025-12-22 02:16:00+00:00,0.13522192885490242,97.35928701930531,Smart Break-even,0 days 00:01:00,69.18811772751833,33.76712468781282,2.5827700435281096,0.002748047439976826
35,XPINUSDT,0.003423711,0.0033724049540000004,2025-12-22 02:30:00+00:00,2025-12-22 02:30:00+00:00,-2.0795612685747598,95.21258141485517,Stop Loss (1m Fallback),0 days 00:00:00,74.33627095123109,30.96990096237125,2.8156459201856534,0.022494887525562446
36,RIVERUSDT,5.1495735,5.336330500000001,2025-12-22 03:15:00+00:00,2025-12-22 03:16:00+00:00,4.697097918760938,99.84401548436448,Smart Trailing (Max 91%),0 days 00:01:00,73.99258715717406,37.14676506711506,3.2698923772020287,0.023707734162456254
37,CYSUSDT,0.3887943,0.38296802020000004,2025-12-22 03:30:00+00:00,2025-12-22 03:30:00+00:00,-2.132634223780744,97.64252331887037,Stop Loss (1m Fallback),0 days 00:00:00,78.20825359624511,26.518491243118962,3.4541113190981605,0.003344481605351231
38,CYSUSDT,0.39079529999999996,0.38493903420000003,2025-12-22 03:45:00+00:00,2025-12-22 03:45:00+00:00,-2.0856110996331405,95.48957254798285,Stop Loss (1m Fallback),0 days 00:00:00,78.84154852669077,28.842697555854272,2.6788395720397538,0.013828425096030628
39,CYSUSDT,0.37988985,0.38340820000000003,2025-12-22 04:00:00+00:00,2025-12-22 04:01:00+00:00,1.1539418415972933,96.57765951196083,Smart Trailing (Max 80%),0 days 00:01:00,66.47452531387047,29.57545289071491,2.7346834539601668,0.04002106371774616
40,RIVERUSDT,5.605801499999999,5.702147500000001,2025-12-22 04:30:00+00:00,2025-12-22 04:31:00+00:00,2.2228291871887826,98.73388341672756,Smart Trailing (Max 48%),0 days 00:01:00,81.44881012120119,47.5671254412523,2.7714609112642314,0.011779403890772772
41,RIVERUSDT,5.735866499999999,5.649911630999999,2025-12-22 05:15:00+00:00,2025-12-22 05:15:00+00:00,-2.108922180260942,96.55686890307577,Stop Loss (1m Fallback),0 days 00:00:00,77.71763919041408,50.43578363359863,4.252464711737274,0.00523194977328222
42,ANIMEUSDT,0.008070032999999999,0.008147924,2025-12-22 06:45:00+00:00,2025-12-22 06:46:00+00:00,1.2188312047982746,97.70910916380296,Smart Trailing (Max 107%),0 days 00:01:00,85.1774512513938,40.957375584609565,8.688122061309228,0.04029758214507138
43,ANIMEUSDT,0.008154074999999998,0.008176909500000001,2025-12-22 07:00:00+00:00,2025-12-22 07:01:00+00:00,0.3099910102343291,97.95171458151053,Smart Trailing (Max 150%),0 days 00:01:00,86.2579479562994,43.60029743021384,2.537497394925496,0.011162904808636017
44,ANIMEUSDT,0.0081850905,0.0084267845,2025-12-22 07:15:00+00:00,2025-12-22 07:16:00+00:00,3.921893488945657,101.80605516384824,Smart Trailing (Max 211%),0 days 00:01:00,86.60837472693557,46.216633994242684,2.5147320199761443,0.026524874709693
45,ANIMEUSDT,0.008436216,0.008777609,2025-12-22 07:30:00+00:00,2025-12-22 07:31:00+00:00,5.612292697363286,107.34813678868474,Smart Trailing (Max 251%),0 days 00:01:00,89.17183812683517,48.768842436606974,2.5436875637876892,0.011860989206499957
46,HYPEUSDT,25.392689999999998,25.430753642310002,2025-12-22 08:00:00+00:00,2025-12-22 08:01:00+00:00,0.14788125708827632,107.42198484798772,Smart Break-even,0 days 00:01:00,74.39909410043875,26.37621935764201,3.41018096827375,0.0009850275807723457
47,ANIMEUSDT,0.0087193575,0.008588693505,2025-12-22 08:15:00+00:00,2025-12-22 08:15:00+00:00,-2.294497072878172,104.97937061264851,Stop Loss (1m Fallback),0 days 00:00:00,87.3320867645778,55.216153797001446,3.7286118982900844,0.03442340791738381
48,HYPEUSDT,25.3036455,25.3415756646045,2025-12-22 08:15:00+00:00,2025-12-22 08:46:00+00:00,0.1478809318841111,105.05485197859286,Smart Break-even,0 days 00:31:00,68.67202803580865,28.838647081825265,6.347024607017555,0.01609268119093749
49,NEARUSDT,1.5597794999999999,1.5621176094704998,2025-12-22 08:45:00+00:00,2025-12-22 09:01:00+00:00,0.14461807870118606,105.19947005729405,Smart Break-even,0 days 00:16:00,73.42020759185831,38.84564017418073,3.041648457353887,0.0012820512820512831
50,POLYXUSDT,0.061780875,0.06324836,2025-12-22 10:45:00+00:00,2025-12-22 10:46:00+00:00,3.374045452241385,108.50096415087523,Smart Trailing (Max 74%),0 days 00:01:00,80.37199396502433,39.403887191692846,3.2850871253328924,0.006476683937823795
51,POLYXUSDT,0.06335166,0.062402303240000005,2025-12-22 11:00:00+00:00,2025-12-22 11:00:00+00:00,-2.317543703934869,106.10859219580182,Stop Loss (1m Fallback),0 days 00:00:00,82.91440037197486,41.830492822127795,3.341275377112901,0.012484197218710478
52,LUNA2USDT,0.1176588,0.11589562319999999,2025-12-22 13:00:00+00:00,2025-12-22 13:00:00+00:00,-2.26488038793106,103.69740559680031,Stop Loss (1m Fallback),0 days 00:00:00,68.67633529475394,29.55038035587783,4.139999461878945,0.02465986394557823
53,TAOUSDT,230.83535999999998,227.37617504,2025-12-22 12:45:00+00:00,2025-12-22 14:30:00+00:00,-2.266443452380975,101.43096214441934,Stop Loss (1m Fallback),0 days 01:45:00,76.2771396388353,26.12586262767066,4.0755189338103825,0.0005201335009319256
54,ADAUSDT,0.37688835,0.37745330563664997,2025-12-22 15:15:00+00:00,2025-12-22 15:16:00+00:00,0.13972984197307958,101.50073959870662,Smart Break-even,0 days 00:01:00,65.43968078682366,33.41372184401416,4.593724681851464,0.01460047783382003
55,PIEVERSEUSDT,0.51515745,0.5074375543,2025-12-22 15:30:00+00:00,2025-12-22 15:30:00+00:00,-2.1680212875769036,99.26271780106164,Stop Loss (1m Fallback),0 days 00:00:00,74.19333060209661,29.604053289866478,3.013840091981014,0.018450184501844925
56,ANIMEUSDT,0.009380688,0.009780107500000001,2025-12-22 15:45:00+00:00,2025-12-22 15:46:00+00:00,5.761160569513211,104.9554213238155,Smart Trailing (Max 260%),0 days 00:01:00,76.93154133104467,27.058709172390063,6.509053657113518,0.011092150170648456
57,ANIMEUSDT,0.0097878915,0.009641214981,2025-12-22 16:00:00+00:00,2025-12-22 16:00:00+00:00,-2.24181211463343,102.64122615999322,Stop Loss (1m Fallback),0 days 00:00:00,81.58153424991463,29.59597814553407,4.785081144750435,0.008584568216658048
58,ANIMEUSDT,0.0097378665,0.0099300325,2025-12-22 16:15:00+00:00,2025-12-22 16:16:00+00:00,2.722984869882014,105.22268574348388,Smart Trailing (Max 237%),0 days 00:01:00,79.43143902024619,32.17823200588129,4.034538812799406,0.031333470310252694
59,HUSDT,0.186543225,0.18374778015,2025-12-22 16:15:00+00:00,2025-12-22 16:15:00+00:00,-2.1908697053862296,103.03181603809765,Stop Loss (1m Fallback),0 days 00:00:00,80.30064955102473,39.29056521086641,2.8457910126253783,0.015181588970548787
60,ANIMEUSDT,0.009939967499999999,0.009791012045,2025-12-22 16:30:00+00:00,2025-12-22 16:30:00+00:00,-2.200724559756306,100.76003505348747,Stop Loss (1m Fallback),0 days 00:00:00,81.50077036079625,34.770451905823144,2.660955801975333,0.026673376950176284
61,ICPUSDT,3.1745864999999998,3.1270137110000005,2025-12-22 18:45:00+00:00,2025-12-22 18:45:00+00:00,-2.1522000903305583,98.53834528380969,Stop Loss (1m Fallback),0 days 00:00:00,75.94147100485351,26.739830615042194,3.403005847307457,0.008827238335435065
62,ACTUSDT,0.03711855,0.0365623097,2025-12-22 19:45:00+00:00,2025-12-22 19:45:00+00:00,-2.104745552224782,96.36564225207883,Stop Loss (1m Fallback),0 days 00:00:00,65.56008042076189,45.71580381816579,3.2203966399941453,0.03125842091080575
63,HUSDT,0.21518753999999998,0.21196284556,2025-12-22 21:15:00+00:00,2025-12-22 21:15:00+00:00,-2.0583373541860297,94.17443260448553,Stop Loss (1m Fallback),0 days 00:00:00,77.30017991209192,51.155161199696074,2.8502308117168833,0.022176763215398188
64,WETUSDT,0.25290639,0.2604697,2025-12-23 00:15:00+00:00,2025-12-23 00:16:00+00:00,3.8196258147756117,97.92911053470633,Smart Trailing (Max 71%),0 days 00:01:00,68.391223346812,36.449824286962226,4.887832848598556,0.016812373907195602
65,WETUSDT,0.260740305,0.26113115471719506,2025-12-23 00:30:00+00:00,2025-12-23 00:31:00+00:00,0.1349057413070675,97.99647895840324,Smart Break-even,0 days 00:01:00,75.89764112736475,38.534977272263696,3.0277900820933272,0.004758250191865
66,WETUSDT,0.261080475,0.25716805165,2025-12-23 00:45:00+00:00,2025-12-23 00:45:00+00:00,-2.0931714717486387,95.8357237080626,Stop Loss (1m Fallback),0 days 00:00:00,76.06225303973861,40.72763400575099,3.2680936981217967,0.015720256125148546
67,WETUSDT,0.258699285,0.25482254499,2025-12-23 01:00:00+00:00,2025-12-23 01:00:00+00:00,-2.0470184742581505,93.72261163124716,Stop Loss (1m Fallback),0 days 00:00:00,70.50607495859414,41.41711045670574,2.758447459597347,0.02339882425742574
68,AVNTUSDT,0.28024005,0.28066012983495003,2025-12-23 02:30:00+00:00,2025-12-23 02:31:00+00:00,0.12911092861264017,93.7870862759762,Smart Break-even,0 days 00:01:00,77.06162146920774,27.272478676540967,4.6821010641023495,0.012134189864382633
69,AVNTUSDT,0.2807403,0.2765332642,2025-12-23 02:45:00+00:00,2025-12-23 02:45:00+00:00,-2.0032602752455184,91.71914525157483,Stop Loss (1m Fallback),0 days 00:00:00,77.42326600179992,30.43602148534367,3.3466259227089057,0.018888096935138887
70,JELLYJELLYUSDT,0.09384689999999998,0.0924405566,2025-12-23 03:45:00+00:00,2025-12-23 03:45:00+00:00,-1.9590897580642441,89.69680091057847,Stop Loss (1m Fallback),0 days 00:00:00,77.27663492251696,44.991684640399,2.6875852629668415,0.03124000426484702
71,FOLKSUSDT,5.866931999999999,5.779013048,2025-12-23 06:00:00+00:00,2025-12-23 06:00:00+00:00,-1.915893170537638,87.71904787734388,Stop Loss (1m Fallback),0 days 00:00:00,72.58339453205065,26.41302657487412,4.37351511997806,0.013469735720375062
72,FOLKSUSDT,5.808903,5.721853642,2025-12-23 06:15:00+00:00,2025-12-23 06:15:00+00:00,-1.8736490381837825,85.78490294407227,Stop Loss (1m Fallback),0 days 00:00:00,68.29405897749837,28.89588933195584,5.089652139174823,0.048209366391184616
73,AVNTUSDT,0.2973486,0.30494745,2025-12-23 08:15:00+00:00,2025-12-23 08:16:00+00:00,2.9646199751051827,88.69036091714706,Smart Trailing (Max 107%),0 days 00:01:00,68.42202898702033,36.14870920394699,4.741799919939457,0.038047138047138156
74,AVNTUSDT,0.30525254999999996,0.30067818570000004,2025-12-23 08:30:00+00:00,2025-12-23 08:30:00+00:00,-1.8943959544675335,86.73479919652978,Stop Loss (1m Fallback),0 days 00:00:00,72.95911609831862,38.269882192441976,3.3772103001288163,0.02687643395608011
75,PIPPINUSDT,0.411295545,0.41707136,2025-12-23 10:30:00+00:00,2025-12-23 10:31:00+00:00,1.62017329502038,88.295155388656,Smart Trailing (Max 126%),0 days 00:01:00,73.39388780186826,27.797505742064345,2.639921236578021,0.011457345106910875
76,PIPPINUSDT,0.42415196999999993,0.41779583758,2025-12-23 11:15:00+00:00,2025-12-23 11:15:00+00:00,-1.885954498748859,86.34830767929428,Stop Loss (1m Fallback),0 days 00:00:00,78.01751081119336,34.93308606081605,2.9763614437950543,0.021700160392489825
77,PIPPINUSDT,0.41547763499999996,0.419460165,2025-12-23 11:30:00+00:00,2025-12-23 11:31:00+00:00,1.0820542616269129,87.31130189623045,Smart Trailing (Max 122%),0 days 00:01:00,68.6282910487644,35.68803763416482,2.9943355841738155,0.03624235418773782
78,ANIMEUSDT,0.0102101025,0.010057098935000001,2025-12-23 11:30:00+00:00,2025-12-23 11:30:00+00:00,-1.843098513954345,85.4682033822761,Stop Loss (1m Fallback),0 days 00:00:00,80.84660893199448,26.14940803926442,4.504419963282659,0.018716315531602173
79,ICNTUSDT,0.4984490999999999,0.5007495000000001,2025-12-23 12:15:00+00:00,2025-12-23 12:16:00+00:00,0.48508970225450293,85.8943494959911,Smart Trailing (Max 45%),0 days 00:01:00,75.49197243308691,46.49025902018633,3.2374413928743855,0.013046969088719513
80,PAXGUSDT,4465.021395,4471.714462071105,2025-12-22 21:15:00+00:00,2025-12-23 14:31:00+00:00,0.1326603767191184,86.02700987271021,Smart Break-even,0 days 17:16:00,68.398836600139,30.5593598866329,2.738211788147017,0.00043694639451997925
81,PIPPINUSDT,0.45714846,0.45029785844000003,2025-12-23 17:30:00+00:00,2025-12-23 17:30:00+00:00,-1.8375076816977254,84.13017321868647,Stop Loss (1m Fallback),0 days 00:00:00,71.78183056060381,38.30953926025263,2.624526984205738,0.026241491759865183
82,AVNTUSDT,0.32136059999999994,0.33473255,2025-12-24 00:15:00+00:00,2025-12-24 00:16:00+00:00,4.770489612508738,88.84264202207886,Smart Trailing (Max 267%),0 days 00:01:00,74.88209719254087,39.29934367908202,4.199844009297763,0.016194331983805613
83,AVNTUSDT,0.33506744999999993,0.3300462943,2025-12-24 00:30:00+00:00,2025-12-24 00:30:00+00:00,-1.8976486270933188,86.88372260738412,Stop Loss (1m Fallback),0 days 00:00:00,83.03768540809088,41.641919842966935,6.180232853710193,0.010749477455957146
84,AVNTUSDT,0.33676829999999996,0.3448275,2025-12-24 00:45:00+00:00,2025-12-24 00:46:00+00:00,2.807930619823962,89.63173341851333,Smart Trailing (Max 185%),0 days 00:01:00,83.69856644680705,43.88443247599162,3.5568162348067514,0.010104011887072684
85,AVNTUSDT,0.34517249999999994,0.339999915,2025-12-24 01:00:00+00:00,2025-12-24 01:00:00+00:00,-1.9145033510300788,87.65541507891876,Stop Loss (1m Fallback),0 days 00:00:00,86.66992128684728,46.341299278335995,4.218213755805904,0.01217391304347837
86,AVNTUSDT,0.3417708,0.33664919120000003,2025-12-24 01:15:00+00:00,2025-12-24 01:15:00+00:00,-1.8722898632445655,85.72267320527494,Stop Loss (1m Fallback),0 days 00:00:00,80.36014304402806,48.62267559479862,3.0224208784599447,0.015807962529273887
87,PIPPINUSDT,0.47984980499999996,0.47265901227,2025-12-24 04:00:00+00:00,2025-12-24 04:00:00+00:00,-1.8310071539557782,83.83254696635001,Stop Loss (1m Fallback),0 days 00:00:00,69.21104970606564,32.97629511892725,3.262007573667454,0.021642133355573162
88,SQDUSDT,0.056698334999999996,0.05584868169,2025-12-24 08:15:00+00:00,2025-12-24 08:15:00+00:00,-1.7906347001352596,81.98409671658278,Stop Loss (1m Fallback),0 days 00:00:00,72.51938544903173,25.362441731664905,5.8152703507541865,0.010058231868713624
89,SQDUSDT,0.056078025,0.055237667350000005,2025-12-24 08:30:00+00:00,2025-12-24 08:30:00+00:00,-1.7511524312733213,80.17640352895319,Stop Loss (1m Fallback),0 days 00:00:00,69.0881114820422,27.13010402212083,3.7453651567188255,0.022301516503122107
90,SQDUSDT,0.05734866,0.058230870000000004,2025-12-24 08:45:00+00:00,2025-12-24 08:46:00+00:00,1.6458852682291023,81.76699472578302,Smart Trailing (Max 137%),0 days 00:01:00,71.94698835381644,29.02049604263429,3.4418381066327117,0.01431314365508817
91,SQDUSDT,0.058289129999999995,0.057415637820000004,2025-12-24 09:00:00+00:00,2025-12-24 09:00:00+00:00,-1.7465152065645113,79.96408848837315,Stop Loss (1m Fallback),0 days 00:00:00,73.97467485201066,31.00781545304672,3.972241859563404,0.011328527291452126
92,SQDUSDT,0.06307151999999999,0.06212636128000001,2025-12-24 12:00:00+00:00,2025-12-24 12:00:00+00:00,-1.708005742321555,78.20093509881823,Stop Loss (1m Fallback),0 days 00:00:00,77.66075820950908,40.57445031383896,2.6095887042524377,0.012059663598857453
93,SQDUSDT,0.064622295,0.06718639000000001,2025-12-24 12:15:00+00:00,2025-12-24 12:16:00+00:00,4.2258619604881185,82.37286537992786,Smart Trailing (Max 323%),0 days 00:01:00,80.14368071716554,42.403047163684576,2.5267801635762654,0.003869969040247681
94,SQDUSDT,0.06725360999999999,0.06624578054000001,2025-12-24 12:30:00+00:00,2025-12-24 12:30:00+00:00,-1.759456397741028,80.55660010951101,Stop Loss (1m Fallback),0 days 00:00:00,83.43212465720818,44.68721852871648,2.5824701836975783,0.023504909253198425
95,SQDUSDT,0.06740368499999999,0.06754621000000001,2025-12-24 13:15:00+00:00,2025-12-24 13:16:00+00:00,0.17936322658029644,80.68040706015371,Smart Trailing (Max 196%),0 days 00:01:00,72.9497909030431,51.318753363760585,2.6405810506210377,0.08076009501187649
96,ZECUSDT,427.66372499999994,435.11233500000003,2025-12-24 14:45:00+00:00,2025-12-24 14:46:00+00:00,1.8825492529636267,82.50731465307585,Smart Trailing (Max 109%),0 days 00:01:00,76.58890401348306,45.26961082760134,2.9248370605361513,0.0036026762738034447
97,ZECUSDT,435.607695,440.49964000000006,2025-12-24 15:00:00+00:00,2025-12-24 15:01:00+00:00,1.2210979270413118,83.6715109838047,Smart Trailing (Max 121%),0 days 00:01:00,83.60241180626402,45.94177789064098,4.594007727162237,0.0038361702616406313
98,ZECUSDT,440.950365,441.61134959713496,2025-12-24 15:15:00+00:00,2025-12-24 15:16:00+00:00,0.11526467619196326,83.729071169663,Smart Break-even,0 days 00:01:00,86.56991399717329,47.33435297053516,4.2736493999903535,0.012320747867126405
99,ACTUSDT,0.047353664999999996,0.04664404631,2025-12-24 17:15:00+00:00,2025-12-24 17:15:00+00:00,-1.7884244922997918,81.88290249034965,Stop Loss (1m Fallback),0 days 00:00:00,76.11773362800633,44.38138827068598,2.597746468306445,0.024297485738432396
100,PLAYUSDT,0.053166569999999996,0.05236984198,2025-12-24 19:45:00+00:00,2025-12-24 19:45:00+00:00,-1.7489909570070217,80.0774405661079,Stop Loss (1m Fallback),0 days 00:00:00,70.91589104170352,27.79244510037626,5.528758077289983,0.020139281008846256
101,MONUSDT,0.02215107,0.02181912498,2025-12-24 22:15:00+00:00,2025-12-24 22:15:00+00:00,-1.7104269041622642,78.31178784086556,Stop Loss (1m Fallback),0 days 00:00:00,72.52340456776754,40.57787470941729,4.117319772184463,0.029345372460496674
102,XPLUSDT,0.1348674,0.1328463436,2025-12-24 23:15:00+00:00,2025-12-24 23:15:00+00:00,-1.6715595669886947,76.53224926177192,Stop Loss (1m Fallback),0 days 00:00:00,70.9780410559601,25.461628829581603,2.6159134118231235,0.011127596439169149
103,PENGUUSDT,0.009233614499999999,0.009095244103,2025-12-24 23:15:00+00:00,2025-12-25 00:30:00+00:00,-1.6727131622730211,74.8595360994989,Stop Loss (1m Fallback),0 days 01:15:00,67.02932836474457,38.53153872771619,2.618480010613678,0.007259724780583063
104,AVNTUSDT,0.40250115,0.3964694661,2025-12-25 02:15:00+00:00,2025-12-25 02:15:00+00:00,-1.5989742388430117,73.20893459438037,Stop Loss (1m Fallback),0 days 00:00:00,76.23627338388721,36.285553353618006,3.4744808027741607,0.0027349577324713823
105,MONUSDT,0.022551269999999998,0.02258507435373,2025-12-25 02:45:00+00:00,2025-12-25 02:46:00+00:00,0.10085158067737438,73.25929725464782,Smart Break-even,0 days 00:01:00,70.51486263026806,32.400727358980845,3.115479291951104,0.00487804878048776
106,HUSDT,0.17084538,0.17166412500000003,2025-12-25 03:00:00+00:00,2025-12-25 03:01:00+00:00,0.4337015593581026,73.64247516072685,Smart Trailing (Max 184%),0 days 00:01:00,80.12968836749076,26.082608042244097,3.680142627987708,0.006559681386904123
107,ZBTUSDT,0.1076538,0.11344325000000001,2025-12-25 03:15:00+00:00,2025-12-25 03:16:00+00:00,5.4117716569559455,78.90198813025755,Smart Trailing (Max 369%),0 days 00:01:00,70.96525514964821,28.83192597671397,2.7337260664689493,0.022304832713754642
108,HUSDT,0.171835875,0.16926082725000002,2025-12-25 03:15:00+00:00,2025-12-25 03:15:00+00:00,-1.5718934184184659,77.33009471183908,Stop Loss (1m Fallback),0 days 00:00:00,80.92436084299752,29.264239986566505,3.959526053360989,0.03132459970887916
109,ZBTUSDT,0.11355675,0.11634180000000001,2025-12-25 03:30:00+00:00,2025-12-25 03:31:00+00:00,2.562598439261555,79.73281016653775,Smart Trailing (Max 231%),0 days 00:01:00,77.64924689671156,31.156810848090554,2.986325639818988,0.018502202643171723
110,MONUSDT,0.02283141,0.023448270000000004,2025-12-25 03:30:00+00:00,2025-12-25 03:31:00+00:00,2.8264946775527378,82.55930484409049,Smart Trailing (Max 72%),0 days 00:01:00,73.72845772575327,36.126465668803796,2.6450116035978577,0.006134969325153428
111,ZBTUSDT,0.11655825,0.1148115655,2025-12-25 03:45:00+00:00,2025-12-25 03:45:00+00:00,-1.763438681306121,80.6251715824777,Stop Loss (1m Fallback),0 days 00:00:00,80.07699390947985,33.646570940627576,3.607156638095995,0.02061855670103092
112,ZKCUSDT,0.12406199999999999,0.122202868,2025-12-25 03:45:00+00:00,2025-12-25 03:45:00+00:00,-1.762222516698321,78.86294906577939,Stop Loss (1m Fallback),0 days 00:00:00,71.33481001529337,25.225584307585898,3.2886022691923595,0.006446414182111161
113,MONUSDT,0.023481735,0.02312984929,2025-12-25 03:45:00+00:00,2025-12-25 03:45:00+00:00,-1.7610071908247364,77.10194187495465,Stop Loss (1m Fallback),0 days 00:00:00,80.00167960123969,38.24761857165452,5.764999880450503,0.00809889173060525
114,MONUSDT,0.023741865,0.023778105,2025-12-25 04:15:00+00:00,2025-12-25 04:16:00+00:00,0.10913032179519934,77.15789844373265,Smart Trailing (Max 39%),0 days 00:01:00,77.09061501393106,42.73004807449632,6.935767453583095,0.029907329401853363
115,CRVUSDT,0.38319149999999996,0.377449181,2025-12-25 03:15:00+00:00,2025-12-25 07:00:00+00:00,-1.5708093539919807,75.58708908974067,Stop Loss (1m Fallback),0 days 03:45:00,67.9091939131255,25.885065975782176,2.5117167998997085,0.0
116,ZBTUSDT,0.1438719,0.14171590660000002,2025-12-25 07:45:00+00:00,2025-12-25 07:45:00+00:00,-1.6145145233465672,73.92044553943566,Stop Loss (1m Fallback),0 days 00:00:00,85.87095017553499,51.140939983611965,4.42143622364364,0.04239054899235576
117,ZBTUSDT,0.14637315,0.15152420000000003,2025-12-25 08:00:00+00:00,2025-12-25 08:01:00+00:00,3.5370640658911463,77.4065299877134,Smart Trailing (Max 390%),0 days 00:01:00,86.68689727704681,53.53549396640839,2.6226879391048294,0.023224043715846902
118,ZBTUSDT,0.1516758,0.14940286120000001,2025-12-25 08:15:00+00:00,2025-12-25 08:15:00+00:00,-1.6533771623173643,75.64642201425006,Stop Loss (1m Fallback),0 days 00:00:00,88.2118075280458,55.94231826880678,2.817137669896297,0.040897097625329705
119,BCHUSDT,586.4530799999999,587.3321731669199,2025-12-25 08:30:00+00:00,2025-12-25 08:46:00+00:00,0.1042094284665383,75.69846149649987,Smart Break-even,0 days 00:16:00,71.10218189839252,28.42737250320633,4.2402047221682135,0.009280742459396845
120,LAYERUSDT,0.1928964,0.19318555170360002,2025-12-25 09:15:00+00:00,2025-12-25 09:46:00+00:00,0.10428111731260842,75.75053677829766,Smart Break-even,0 days 00:31:00,66.44765152362636,40.107014994957915,2.7965984523055543,0.019190871369294652
121,1000PEPEUSDT,0.00403651725,0.003976027991499999,2025-12-25 03:30:00+00:00,2025-12-25 10:30:00+00:00,-1.6494670481040872,74.10106973019357,Stop Loss (1m Fallback),0 days 07:00:00,75.99504357463827,25.963670524708004,4.05546239954807,0.005378742811818453
122,0GUSDT,1.0776385499999999,1.11614165,2025-12-25 13:00:00+00:00,2025-12-25 13:01:00+00:00,3.600686713443087,77.65065225761583,Smart Trailing (Max 88%),0 days 00:01:00,88.49012198990825,51.65853713168857,2.93018232669858,0.011144130757800902
123,0GUSDT,1.0683339,1.0523243746000002,2025-12-25 13:30:00+00:00,2025-12-25 13:30:00+00:00,-1.658591531000899,75.88499331120717,Stop Loss (1m Fallback),0 days 00:00:00,74.0844328616147,56.42494593907197,3.5587821157578747,0.05619556055071633
124,LAYERUSDT,0.19679835,0.19384922690000003,2025-12-25 13:30:00+00:00,2025-12-25 13:30:00+00:00,-1.6574476747726197,74.22754563643454,Stop Loss (1m Fallback),0 days 00:00:00,65.48896202569546,26.520267630481904,3.9138526439526067,0.03104325699745544
125,0GUSDT,1.0467231,1.0310374234000002,2025-12-25 13:45:00+00:00,2025-12-25 13:45:00+00:00,-1.5854751374287175,72.59087908822208,Stop Loss (1m Fallback),0 days 00:00:00,68.23578943199267,56.017429633602774,3.610704143219057,0.02475862728228662
126,NIGHTUSDT,0.079829895,0.08089953,2025-12-25 15:15:00+00:00,2025-12-25 15:16:00+00:00,1.2914843006559167,73.83230071364474,Smart Trailing (Max 90%),0 days 00:01:00,74.597213153544,30.555557348752735,3.01490281189239,0.0045112781954887125
127,NIGHTUSDT,0.08098047,0.07976693658,2025-12-25 15:30:00+00:00,2025-12-25 15:30:00+00:00,-1.5770328402612104,72.20434904530515,Stop Loss (1m Fallback),0 days 00:00:00,78.6667999764919,32.92120355064852,3.1394028680984154,0.0039535458364220516
128,AVAXUSDT,12.270131999999998,12.341826000000001,2025-12-25 08:15:00+00:00,2025-12-25 15:46:00+00:00,0.5700358690957842,72.77438491440094,Smart Trailing (Max 51%),0 days 07:31:00,73.15510568454783,25.92673180741713,4.66090290362451,0.0071760580608334805
129,AVAXUSDT,12.384189,12.402752899310999,2025-12-25 16:15:00+00:00,2025-12-25 16:16:00+00:00,0.1002529512566257,72.82444863468211,Smart Break-even,0 days 00:01:00,68.92950813267241,26.239544232441606,3.8518521885162267,0.0010502504443367184
130,UNIUSDT,5.9799885,5.9889525027615,2025-12-25 16:45:00+00:00,2025-12-25 16:46:00+00:00,0.10032191832128028,72.8745467953243,Smart Break-even,0 days 00:01:00,76.5488723960675,32.327701827132806,2.8749628306727995,0.002844712182061638
131,LIGHTUSDT,0.9148571999999999,0.9011476008000001,2025-12-25 18:45:00+00:00,2025-12-25 18:45:00+00:00,-1.5565755422022074,71.2677129449874,Stop Loss (1m Fallback),0 days 00:00:00,81.36326025311655,53.130064950172724,3.664751831732216,0.010606889010388237
132,LIGHTUSDT,0.94157055,0.98140905,2025-12-25 19:30:00+00:00,2025-12-25 19:31:00+00:00,4.107143061500608,75.2765896094238,Smart Trailing (Max 237%),0 days 00:01:00,71.07589594039243,50.70695817244375,2.5466930782492088,0.017851450430347388
133,LIGHTUSDT,1.0338166500000001,1.0183243831000002,2025-12-25 20:15:00+00:00,2025-12-25 20:15:00+00:00,-1.60788236001682,73.61679236002117,Stop Loss (1m Fallback),0 days 00:00:00,77.3884176023693,52.0513325872011,2.7124196162420495,0.02177489596438591
134,LIGHTUSDT,1.0021008,0.9870838112000001,2025-12-25 20:30:00+00:00,2025-12-25 20:30:00+00:00,-1.572429655100645,71.99359250329292,Stop Loss (1m Fallback),0 days 00:00:00,71.0643463556352,53.45918642924878,4.3008951473887365,0.15804712460063886
135,UNIUSDT,5.9739854999999995,5.9829405042645,2025-12-25 19:00:00+00:00,2025-12-25 21:31:00+00:00,0.09817738151204554,72.04211913135441,Smart Break-even,0 days 02:31:00,67.92897296879936,40.208331492632226,7.037873902264653,0.018592964824120713
136,HUSDT,0.168634275,0.168887057778225,2025-12-25 21:30:00+00:00,2025-12-25 21:31:00+00:00,0.09917734280422305,72.14129647415864,Smart Break-even,0 days 00:01:00,77.58018069373594,26.03224898018689,3.186420064336325,0.000771284485315878
137,HUSDT,0.16898444999999998,0.1664521323,2025-12-25 21:45:00+00:00,2025-12-25 22:00:00+00:00,-1.540913564647228,70.55063029125337,Stop Loss (1m Fallback),0 days 00:15:00,77.95398079764483,28.945873515288984,3.123101196211383,0.011486766534430677
138,CRVUSDT,0.4012005,0.4018018995495,2025-12-26 02:30:00+00:00,2025-12-26 02:31:00+00:00,0.097189538709712,70.50195365230235,Smart Break-even,0 days 00:01:00,69.56882738807465,34.216591094761476,4.720635605154172,0.00498753117206983
139,TAOUSDT,226.49318999999997,226.83270329181,2025-12-26 02:30:00+00:00,2025-12-26 02:31:00+00:00,0.0971225114416456,70.59907616374399,Smart Break-even,0 days 00:01:00,67.64426357997853,33.40427929109346,3.9302894972930487,0.0071561091969255435
140,AVAXUSDT,12.549271499999998,12.5680828579785,2025-12-26 02:30:00+00:00,2025-12-26 02:31:00+00:00,0.0970555303992739,70.69613169414326,Smart Break-even,0 days 00:01:00,70.51845417453707,34.12511144868158,4.413152631789398,0.0022323208163916503
141,NEARUSDT,1.5327659999999999,1.535063616234,2025-12-26 02:45:00+00:00,2025-12-26 02:46:00+00:00,0.09732281385720415,70.64728750051871,Smart Break-even,0 days 00:01:00,75.52796270327615,36.9001280907695,4.111539724619883,0.006527415143603139
142,CRVUSDT,0.4012005,0.4018018995495,2025-12-26 02:45:00+00:00,2025-12-26 03:01:00+00:00,0.09738997936020805,70.74467747987892,Smart Break-even,0 days 00:16:00,66.53396125827213,34.75007922424024,3.38823193417122,0.010000000000000009
143,BCHUSDT,609.534615,610.448307387885,2025-12-26 03:45:00+00:00,2025-12-26 03:46:00+00:00,0.0974568553399496,70.79334490247413,Smart Break-even,0 days 00:01:00,68.46551177927186,27.86060852685703,3.1114861126926603,0.00927415383605262
144,APTUSDT,1.6822407,1.6847623788093,2025-12-26 02:45:00+00:00,2025-12-26 05:46:00+00:00,0.09725569467523534,70.89060059714937,Smart Break-even,0 days 03:01:00,74.47108808831213,27.203335038987028,2.9762057240320825,0.009456405376472002
145,ENAUSDT,0.21110549999999997,0.2114219471445,2025-12-26 06:30:00+00:00,2025-12-26 06:46:00+00:00,0.09765787693814819,70.89051205262204,Smart Break-even,0 days 00:16:00,65.72875840118957,37.725183643852894,2.8292625899795234,0.012328117591275445
146,ZKPUSDT,0.1694847,0.1669448858,2025-12-26 06:45:00+00:00,2025-12-26 06:45:00+00:00,-1.5131548506916286,69.37735720193041,Stop Loss (1m Fallback),0 days 00:00:00,89.48288293312665,34.9077370174258,5.805658665461245,0.027392408052423267
147,ZKPUSDT,0.17018505,0.1676347407,2025-12-26 07:00:00+00:00,2025-12-26 07:00:00+00:00,-1.4818767615317783,67.84763398715592,Stop Loss (1m Fallback),0 days 00:00:00,89.62052771648887,37.87399409064931,4.976307817256428,0.013291772040228267
148,ZKPUSDT,0.17008500000000001,0.16753619000000003,2025-12-26 07:15:00+00:00,2025-12-26 07:15:00+00:00,-1.4492023937700893,66.35164012167054,Stop Loss (1m Fallback),0 days 00:00:00,89.56135661199599,40.66959428349346,3.095251045006635,0.02352941176470574
149,ZKPUSDT,0.16324158,0.16079532212000003,2025-12-26 08:15:00+00:00,2025-12-26 08:15:00+00:00,-1.4172484734412298,64.88863189642126,Stop Loss (1m Fallback),0 days 00:00:00,69.31838811868954,46.526238852964006,3.390267585519478,0.03904621797229365
150,ZKPUSDT,0.16820406,0.18211889500000003,2025-12-26 08:45:00+00:00,2025-12-26 08:46:00+00:00,7.359323662449031,72.20320477825207,Smart Trailing (Max 199%),0 days 00:01:00,72.29318576918581,47.022909576882235,2.9371023021006555,0.015174055340672399
151,ZKPUSDT,0.182341125,0.17960865075,2025-12-26 09:00:00+00:00,2025-12-26 09:00:00+00:00,-1.542235904973837,70.61117355963806,Stop Loss (1m Fallback),0 days 00:00:00,78.82903589624134,48.04988886183973,3.332901417118912,0.014763185335601767
152,AAVEUSDT,156.01797,156.25184093702998,2025-12-26 13:45:00+00:00,2025-12-26 13:46:00+00:00,0.09713881893971155,70.56232102535013,Smart Break-even,0 days 00:01:00,69.10271381092875,26.453856176436837,4.189765742703625,0.008528921380018036
153,ATUSDT,0.128394165,0.131704115,2025-12-26 13:45:00+00:00,2025-12-26 14:01:00+00:00,2.4603764954410274,73.02269752079116,Smart Trailing (Max 81%),0 days 00:16:00,77.62081368656253,53.9964378896086,3.682629070780775,0.0034281262173743356
154,ATUSDT,0.13183588499999999,0.13867063000000002,2025-12-26 14:15:00+00:00,2025-12-26 14:16:00+00:00,5.171272463063844,78.14360950280617,Smart Trailing (Max 123%),0 days 00:01:00,81.45497160425515,56.93658505541607,4.95007737166524,0.013736055247780269
155,OPUSDT,0.27163575,0.2675651505,2025-12-26 13:15:00+00:00,2025-12-26 14:30:00+00:00,-1.5082306594348607,76.58148669888662,Stop Loss (1m Fallback),0 days 01:15:00,77.90427367871995,36.782921407488324,4.417161537129127,0.0062615101289133675
156,ATUSDT,0.138819375,0.14106943,2025-12-26 14:30:00+00:00,2025-12-26 14:31:00+00:00,1.6931030213555534,78.27458972024218,Smart Trailing (Max 59%),0 days 00:01:00,86.6024480405104,58.84689701057012,5.884766037958816,0.00857719475277495
157,POWERUSDT,0.26203095,0.2581042833,2025-12-26 15:00:00+00:00,2025-12-26 15:00:00+00:00,-1.6719186230638632,76.54868862150919,Stop Loss (1m Fallback),0 days 00:00:00,74.18428379219202,44.670441214954316,2.897412112025515,0.040116034963166604
158,AVNTUSDT,0.3969984,0.40269855,2025-12-26 23:30:00+00:00,2025-12-26 23:31:00+00:00,1.4621652207569191,77.9053058525806,Smart Trailing (Max 87%),0 days 00:01:00,81.3492671640724,32.28686632660884,3.430451257230826,0.002520161290322583
159,AVNTUSDT,0.4032015,0.39715932100000007,2025-12-26 23:45:00+00:00,2025-12-26 23:45:00+00:00,-1.6640308452071273,76.13385646674725,Stop Loss (1m Fallback),0 days 00:00:00,83.56592362509872,35.00913901130638,3.245399847307634,0.002482005460412015
160,HYPEUSDT,25.706846999999996,25.761113,2025-12-26 23:45:00+00:00,2025-12-26 23:46:00+00:00,0.17295985296445165,76.3068163197117,Smart Trailing (Max 36%),0 days 00:01:00,73.71026386745264,27.74214109904927,3.5216686923869593,0.003891807744697467
161,WLFIUSDT,0.14407199999999998,0.14682655,2025-12-26 22:15:00+00:00,2025-12-27 00:01:00+00:00,1.9658764397866062,78.22006736893299,Smart Trailing (Max 50%),0 days 01:46:00,74.89363388526023,30.951097242229356,2.9700822554990722,0.0006939625260235183
162,AVNTUSDT,0.39079529999999996,0.38493903420000003,2025-12-27 00:00:00+00:00,2025-12-27 00:00:00+00:00,-1.6298876522714913,76.5901797166615,Stop Loss (1m Fallback),0 days 00:00:00,66.42312405213264,35.43511833688932,4.97525432406255,0.03558627752176145
163,AVNTUSDT,0.406203,0.40011584200000005,2025-12-27 00:45:00+00:00,2025-12-27 00:45:00+00:00,-1.6336845069408739,74.79814202824659,Stop Loss (1m Fallback),0 days 00:00:00,71.88177962934667,34.9213717802126,2.7998325968921103,0.014778325123152585
164,WLFIUSDT,0.14697345,0.14477097830000002,2025-12-27 00:15:00+00:00,2025-12-27 01:00:00+00:00,-1.63594019808678,73.11061690462309,Stop Loss (1m Fallback),0 days 00:45:00,79.43429125356677,36.673101736489244,3.6826974264144323,0.005445881552076209
165,AVNTUSDT,0.3991995,0.39979790005050003,2025-12-27 01:00:00+00:00,2025-12-27 01:01:00+00:00,0.1030408500967134,73.2136577547198,Smart Break-even,0 days 00:01:00,65.0728612538274,35.37642209854918,2.690146882669196,0.03433583959899747
166,HYPEUSDT,25.726857,26.2798535,2025-12-27 00:15:00+00:00,2025-12-27 02:01:00+00:00,2.21637998369404,75.37954556065196,Smart Trailing (Max 141%),0 days 01:46:00,71.30763343020205,31.20546879281803,2.5474337976163905,0.00353892821031349
167,PUMPUSDT,0.001824912,0.0018470760000000002,2025-12-27 01:45:00+00:00,2025-12-27 02:16:00+00:00,1.1759618235179676,76.45157144953006,Smart Trailing (Max 71%),0 days 00:31:00,68.70163769993597,29.17757079897439,2.8648343121061783,0.004934210526315731
168,ZECUSDT,463.201485,463.895824026015,2025-12-27 02:15:00+00:00,2025-12-27 02:16:00+00:00,0.10384178328306423,76.55541323281312,Smart Break-even,0 days 00:01:00,83.09312913313816,30.895697591501428,8.90390318098221,0.023824437868544338
169,HYPEUSDT,26.3041455,25.909964537,2025-12-27 02:15:00+00:00,2025-12-27 02:45:00+00:00,-1.6089710631202903,74.94644216969283,Stop Loss (1m Fallback),0 days 00:30:00,81.03325636462618,37.130312829501314,4.738477248058984,0.005971171034115545
170,POWERUSDT,0.30949466999999997,0.30485673538,2025-12-27 04:15:00+00:00,2025-12-27 04:15:00+00:00,-1.6008305229542998,73.2939244452422,Stop Loss (1m Fallback),0 days 00:00:00,75.64511417117406,26.19086923232985,2.5130825765379776,0.0006787549694559875
171,POWERUSDT,0.31086535499999995,0.31316334,2025-12-27 04:30:00+00:00,2025-12-27 04:31:00+00:00,0.6967439596111487,73.94012087075319,Smart Trailing (Max 67%),0 days 00:01:00,76.46439119437439,28.60526472744231,3.125510265362335,0.0069165192214894165
172,POWERUSDT,0.3135567,0.3140267214933,2025-12-27 04:45:00+00:00,2025-12-27 04:46:00+00:00,0.1018588524284196,73.94002851728182,Smart Break-even,0 days 00:01:00,77.82353608286712,30.97723000769104,2.694672205899977,0.005361930294906214
173,XPLUSDT,0.1442721,0.14448836387789998,2025-12-27 04:45:00+00:00,2025-12-27 04:46:00+00:00,0.10178860494398413,74.04181712222581,Smart Break-even,0 days 00:01:00,71.72154547831215,35.73762710575579,4.475642496787956,0.002772002772002659
174,XPLUSDT,0.14457224999999999,0.14478896380275,2025-12-27 05:00:00+00:00,2025-12-27 05:16:00+00:00,0.10199894772918451,74.04172464173273,Smart Break-even,0 days 00:16:00,72.49822206527836,37.10322583781827,2.7488361891605746,0.0020761245674742043
175,POWERUSDT,0.32074029,0.32594694500000004,2025-12-27 05:15:00+00:00,2025-12-27 05:16:00+00:00,1.6056492355331455,75.64737387726588,Smart Trailing (Max 91%),0 days 00:01:00,81.43983631897177,35.83251954102446,2.952717421009599,0.00826678312952329
176,POWERUSDT,0.32632308,0.32143296312,2025-12-27 05:30:00+00:00,2025-12-27 05:30:00+00:00,-1.615802185911275,73.82310505977729,Stop Loss (1m Fallback),0 days 00:00:00,83.65661310473428,38.33182012822477,2.837330066552387,0.0015025604857256461
177,TRUUSDT,0.01104552,0.011214390000000001,2025-12-27 05:30:00+00:00,2025-12-27 05:31:00+00:00,1.5419646340773587,75.36506969385465,Smart Trailing (Max 147%),0 days 00:01:00,65.13885604819357,26.867503655068674,3.053954561174589,0.00814479638009048
178,XPLUSDT,0.14497245,0.1469265,2025-12-27 05:30:00+00:00,2025-12-27 05:46:00+00:00,1.3513939972472886,76.66448778096824,Smart Trailing (Max 84%),0 days 00:16:00,70.39506372045719,40.909849912024846,5.121670357440178,0.01588397790055246
179,TRUUSDT,0.01122561,0.011057388540000001,2025-12-27 05:45:00+00:00,2025-12-27 05:45:00+00:00,-1.6097722645370345,75.05471551643122,Stop Loss (1m Fallback),0 days 00:00:00,68.21194715850768,28.781044273523765,6.883307963446585,0.01336898395721917
180,FOLKSUSDT,4.376187,4.3987995,2025-12-27 05:30:00+00:00,2025-12-27 06:01:00+00:00,0.4862804451314649,75.54099596156269,Smart Trailing (Max 141%),0 days 00:31:00,72.7865771534669,26.246656852953016,3.6534803519298715,0.005488223187742973
181,TRUUSDT,0.011855924999999998,0.011944025,2025-12-27 06:15:00+00:00,2025-12-27 06:16:00+00:00,0.7221335628772296,76.10694557126885,Smart Trailing (Max 225%),0 days 00:01:00,73.17915213650042,33.28930867813239,8.477818513037988,0.00843881856540094
182,FOLKSUSDT,4.4052014999999995,4.5437270000000005,2025-12-27 06:15:00+00:00,2025-12-27 06:16:00+00:00,3.222140692908361,79.3290862641772,Smart Trailing (Max 198%),0 days 00:01:00,67.55660871009512,34.39780232308231,3.740237803446657,0.022494887525562418
183,TRUUSDT,0.01196598,0.011786663720000002,2025-12-27 06:30:00+00:00,2025-12-27 06:30:00+00:00,-1.694442310713486,77.52526225497152,Stop Loss (1m Fallback),0 days 00:00:00,74.20869564283424,36.21556034414382,10.051376866937558,0.03682008368200832
184,FOLKSUSDT,4.5472725,4.5540888614775,2025-12-27 06:30:00+00:00,2025-12-27 06:31:00+00:00,0.10920724671828183,77.63446950168981,Smart Break-even,0 days 00:01:00,74.37729737671266,37.32023310471254,3.3776841194179013,0.0074791025076990335
185,XPLUSDT,0.1462731,0.14782605000000001,2025-12-27 06:15:00+00:00,2025-12-27 06:46:00+00:00,1.0526333488526614,78.63356183709303,Smart Trailing (Max 73%),0 days 00:31:00,70.64498597049503,46.84206825304168,2.934819343071977,0.006155950752394062
186,TRUUSDT,0.012196094999999999,0.01201333033,2025-12-27 06:45:00+00:00,2025-12-27 06:45:00+00:00,-1.6582458728364595,76.97531596425657,Stop Loss (1m Fallback),0 days 00:00:00,76.53657043633973,38.42166771653944,4.269850836937786,0.002461033634126375
187,TRUUSDT,0.012146069999999998,0.01196405498,2025-12-27 07:00:00+00:00,2025-12-27 07:00:00+00:00,-1.6441665773890926,75.22501314858906,Stop Loss (1m Fallback),0 days 00:00:00,75.31643096677617,40.57920663461194,3.2709370554097585,0.014814814814814926
188,FOLKSUSDT,4.477237499999999,4.4839488790125,2025-12-27 07:00:00+00:00,2025-12-27 07:01:00+00:00,0.10596696265646262,75.33098011124552,Smart Break-even,0 days 00:01:00,66.52310813665807,40.77840472720392,2.5200688378090734,0.021452513966480468
189,TRUUSDT,0.012016005,0.012034016991495,2025-12-27 07:15:00+00:00,2025-12-27 07:16:00+00:00,0.10377488021493261,75.38280259138374,Smart Break-even,0 days 00:01:00,71.3361112879624,42.679987228376866,3.3136635560253787,0.03410981697171386
190,LYNUSDT,0.136438185,0.13439358959,2025-12-27 08:15:00+00:00,2025-12-27 08:15:00+00:00,-1.6101510331990598,73.72066341846649,Stop Loss (1m Fallback),0 days 00:00:00,78.19342437304499,27.724337595578504,2.619377600027097,0.0074063210383516235
191,XPLUSDT,0.154077,0.15176807800000003,2025-12-27 09:30:00+00:00,2025-12-27 09:30:00+00:00,-1.5746483055928684,72.04436650252872,Stop Loss (1m Fallback),0 days 00:00:00,84.60196397284116,59.482842546453796,7.266791510198595,0.008447043534762805
192,ZECUSDT,486.243,489.03536,2025-12-27 10:00:00+00:00,2025-12-27 10:01:00+00:00,0.5209527058116492,72.51563343833863,Smart Trailing (Max 69%),0 days 00:01:00,76.14318881591228,49.28576304028204,6.406584416484916,0.007036747458952339
193,ZECUSDT,489.51463499999994,490.404675,2025-12-27 10:15:00+00:00,2025-12-27 10:16:00+00:00,0.13182429153380332,72.59744694819082,Smart Trailing (Max 55%),0 days 00:01:00,78.31749699945948,51.55021087373926,3.1449239783369283,0.007603008502289134
194,ZECUSDT,509.25449999999995,510.0178724955,2025-12-27 11:00:00+00:00,2025-12-27 11:01:00+00:00,0.10000920404637195,72.64738894744534,Smart Break-even,0 days 00:01:00,87.1084174061591,58.201614210877786,5.510286562179185,0.019626719056974478
195,STABLEUSDT,0.013722858,0.013517214012000001,2025-12-27 11:15:00+00:00,2025-12-27 11:15:00+00:00,-1.5517235278051813,71.04556377209019,Stop Loss (1m Fallback),0 days 00:00:00,80.5383260433087,35.57909105219815,3.632712620565078,0.008384368620589003
196,ZENUSDT,9.288642,9.149446988,2025-12-27 13:00:00+00:00,2025-12-27 13:00:00+00:00,-1.517509086680168,69.47905774487755,Stop Loss (1m Fallback),0 days 00:00:00,76.9110184204295,55.31108028384534,2.955190125419101,0.020898416460196148
197,HYPEUSDT,26.235111,25.841964554,2025-12-27 09:30:00+00:00,2025-12-27 13:15:00+00:00,-1.5735623412441935,67.90549540363335,Stop Loss (1m Fallback),0 days 03:45:00,65.41740305642195,32.43301893212289,4.27511635653829,0.004995424039048209
198,DOTUSDT,1.7978984999999998,1.8005935498515,2025-12-27 15:45:00+00:00,2025-12-27 15:46:00+00:00,0.09354563874041433,67.90541058759368,Smart Break-even,0 days 00:01:00,80.34771822520007,36.8177770430061,4.852884575843852,0.0027839643652560653
199,DOTUSDT,1.8019005,1.8160915,2025-12-27 16:00:00+00:00,2025-12-27 16:16:00+00:00,0.6907920597081894,68.50257230946907,Smart Trailing (Max 56%),0 days 00:16:00,82.1242864702315,39.92006301670781,5.800301465557196,0.0122154358689617
200,1000PEPEUSDT,0.00413496645,0.004158819550000001,2025-12-27 16:15:00+00:00,2025-12-27 16:16:00+00:00,0.49311010107537523,68.99568241054445,Smart Trailing (Max 40%),0 days 00:01:00,84.96319896139836,34.37505907097087,10.717708840106386,0.011299845141308608
201,1000PEPEUSDT,0.004163080499999999,0.004100694627,2025-12-27 16:30:00+00:00,2025-12-27 18:15:00+00:00,-1.4737243177572135,67.47437486353857,Stop Loss (1m Fallback),0 days 01:45:00,88.23106615785346,37.826520906040905,3.2860385979579636,0.0017303948664951672
202,STABLEUSDT,0.014463228,0.01473263,2025-12-27 18:45:00+00:00,2025-12-27 18:46:00+00:00,1.6869925421554257,69.11483335406396,Smart Trailing (Max 70%),0 days 00:01:00,79.99382988919992,35.89140870228114,3.168540200500525,0.0025582520915439794
203,STABLEUSDT,0.014750371499999998,0.0149925,2025-12-27 19:00:00+00:00,2025-12-27 19:01:00+00:00,1.5171729759057484,70.58434092765657,Smart Trailing (Max 58%),0 days 00:01:00,82.55233860459953,38.874153569728215,4.122895733321059,0.015468113975576715
204,STABLEUSDT,0.015011502,0.015034004241498,2025-12-27 19:15:00+00:00,2025-12-27 19:16:00+00:00,0.097235978000028,70.63289804984443,Smart Break-even,0 days 00:01:00,84.54962453855097,41.79301875303525,2.725546014597451,0.011666666666666655
205,STABLEUSDT,0.014497244999999999,0.014279996429999999,2025-12-27 19:45:00+00:00,2025-12-27 19:45:00+00:00,-1.508694687159338,69.07549101920245,Stop Loss (1m Fallback),0 days 00:00:00,66.56097588786236,44.29796702801108,3.0067097023058222,0.039541784555931186
206,SUIUSDT,1.4443218,1.4464868383782001,2025-12-27 22:15:00+00:00,2025-12-27 22:16:00+00:00,0.09502620161977442,68.98016117540702,Smart Break-even,0 days 00:01:00,78.65796730200066,25.438483011765225,7.603344157199556,0.0004848652767194867
207,RVVUSDT,0.0049794884999999995,0.004904868339,2025-12-27 22:45:00+00:00,2025-12-27 22:45:00+00:00,-1.4723766564936493,67.41267227765414,Stop Loss (1m Fallback),0 days 00:00:00,78.24227593453928,35.797332570257495,3.0692294120841526,0.0765829145728642
208,NIGHTUSDT,0.086693325,0.08705645000000001,2025-12-27 23:00:00+00:00,2025-12-27 23:01:00+00:00,0.3429551728765458,67.70913595240816,Smart Trailing (Max 51%),0 days 00:01:00,69.0531753065019,28.229868337338804,3.3171512185641574,0.010386612810155776
209,BCHUSDT,622.2109499999999,623.1436442140499,2025-12-27 15:45:00+00:00,2025-12-27 23:16:00+00:00,0.09348112450679325,67.7559211210857,Smart Break-even,0 days 07:31:00,74.25943634479766,36.712806907896386,2.9560963427671942,0.001672375255278376
210,NEARUSDT,1.578789,1.581155604711,2025-12-27 22:15:00+00:00,2025-12-27 23:16:00+00:00,0.09509178215918743,67.8510129032449,Smart Break-even,0 days 01:01:00,77.4719695532349,42.523189480671775,4.737240952675534,0.0012682308180088787
211,SUIUSDT,1.43741835,1.4395798499999999,2025-12-27 22:30:00+00:00,2025-12-27 23:16:00+00:00,0.09547684069258663,67.94648974393748,Smart Trailing (Max 32%),0 days 00:46:00,65.62775449215903,28.365486909394583,3.012641226253214,0.008561882221912833
212,DOTUSDT,1.8969479999999999,1.8997915250519999,2025-12-27 23:15:00+00:00,2025-12-27 23:16:00+00:00,0.09327513677030319,68.03976488070778,Smart Break-even,0 days 00:01:00,70.86992275008144,55.42658426250675,4.212683188667448,0.01002109704641357
213,DOTUSDT,1.8899445,1.8927775268055,2025-12-27 23:30:00+00:00,2025-12-27 23:31:00+00:00,0.09373060645063434,67.99282062158865,Smart Break-even,0 days 00:01:00,67.01680211106257,56.401588334178996,4.083515811266472,0.020116463737427228
214,NIGHTUSDT,0.08709352499999999,0.08785605,2025-12-27 23:30:00+00:00,2025-12-27 23:31:00+00:00,0.7741797190823945,68.76700034067105,Smart Trailing (Max 62%),0 days 00:01:00,70.70287282345073,32.30335426915126,3.46871539846454,0.01585477941176462
215,SUIUSDT,1.44102015,1.4500746000000002,2025-12-27 23:30:00+00:00,2025-12-27 23:46:00+00:00,0.5419846468134799,69.30898498748452,Smart Trailing (Max 59%),0 days 00:16:00,66.20666516301719,34.0676901264309,2.900657502170218,0.004443518711379701
216,LTCUSDT,80.32014,80.44053988985999,2025-12-28 00:00:00+00:00,2025-12-28 00:01:00+00:00,0.09534741605601924,69.07042877416578,Smart Break-even,0 days 00:01:00,74.25487120308217,50.35077860714485,3.82453293111427,0.003362809814422668
217,SUIUSDT,1.4515254,1.4537012365746,2025-12-28 00:00:00+00:00,2025-12-28 00:01:00+00:00,0.09528165921736889,69.16571043338314,Smart Break-even,0 days 00:01:00,72.91527848732753,38.249392155722894,4.111227585883405,0.004962779156327456
218,AVAXUSDT,12.6973455,12.716378820904502,2025-12-28 00:00:00+00:00,2025-12-28 00:01:00+00:00,0.09515028155741252,69.26086071494055,Smart Break-even,0 days 00:01:00,68.29332691329193,35.84387460337494,6.0111055719118704,0.008588763690804505
219,RVVUSDT,0.0054217095,0.0054642665,2025-12-28 00:15:00+00:00,2025-12-28 00:16:00+00:00,0.7020775048107493,69.86743894022092,Smart Trailing (Max 116%),0 days 00:01:00,83.99966291371747,49.02637240000096,3.1969086423979873,0.04134366925064604
220,NIGHTUSDT,0.09093544499999999,0.08957273123,2025-12-28 00:45:00+00:00,2025-12-28 00:45:00+00:00,-1.4923447408338817,68.32690975873861,Stop Loss (1m Fallback),0 days 00:00:00,76.76746030810465,42.83162120346308,3.9867937086488525,0.007591594234789264
221,GASUSDT,2.2000995,2.167129893,2025-12-28 01:15:00+00:00,2025-12-28 01:15:00+00:00,-1.459439561297341,66.8203481907111,Stop Loss (1m Fallback),0 days 00:00:00,72.98112137252531,34.22313310866369,2.8002827322349573,0.011368804001819171
222,RVVUSDT,0.005914955999999999,0.0058263173839999995,2025-12-28 01:30:00+00:00,2025-12-28 01:30:00+00:00,-1.427259918435202,65.30095405614993,Stop Loss (1m Fallback),0 days 00:00:00,89.906057123203,58.468327852749,2.618178233749152,0.011502029769959465
223,ZKPUSDT,0.164552235,0.16493749000000002,2025-12-28 01:30:00+00:00,2025-12-28 01:31:00+00:00,0.16955889398424734,65.47051295013418,Smart Trailing (Max 44%),0 days 00:01:00,73.06824768609103,25.60461184373949,3.036378593269528,0.007354281893879468
224,ENAUSDT,0.21690839999999997,0.2136579176,2025-12-28 00:00:00+00:00,2025-12-28 03:00:00+00:00,-1.47633666988305,63.94902420235449,Stop Loss (1m Fallback),0 days 03:00:00,68.61472865919916,39.974030784464254,5.30915398989094,0.005999077065066892
225,HYPEUSDT,26.11305,26.152193461950002,2025-12-27 21:15:00+00:00,2025-12-28 03:46:00+00:00,0.0951574079577805,64.04418161031226,Smart Break-even,0 days 06:31:00,69.25066879373402,25.414324558100486,5.146855904061969,0.0025287356321838676
226,NEARUSDT,1.5937964999999998,1.5961856009535,2025-12-28 00:00:00+00:00,2025-12-28 04:16:00+00:00,0.09541321827553577,64.1395948285878,Smart Break-even,0 days 04:16:00,73.4524728944366,47.56628367497192,7.267065092705592,0.007532956685499065
227,LTCUSDT,80.31013499999999,79.10664689000001,2025-12-28 00:15:00+00:00,2025-12-28 05:15:00+00:00,-1.4783681682914591,62.61699245696628,Stop Loss (1m Fallback),0 days 05:00:00,73.53551137380487,51.23680697733297,3.5200265574620175,0.0038619658652049617
228,ATUSDT,0.17417704499999997,0.17156691363,2025-12-28 05:15:00+00:00,2025-12-28 05:15:00+00:00,-1.3699999380763876,61.24699251888989,Stop Loss (1m Fallback),0 days 00:00:00,77.13006230972259,26.68334976934047,2.6711577065268566,0.014647596070997741
229,ADAUSDT,0.3699849,0.37121430000000005,2025-12-28 00:00:00+00:00,2025-12-28 05:31:00+00:00,0.2698354113899301,61.51682793027982,Smart Trailing (Max 37%),0 days 05:31:00,75.57423398300371,57.03750119067432,2.5263768059387606,0.003244120032441143
230,ZENUSDT,9.351673499999999,9.3656916585765,2025-12-28 06:00:00+00:00,2025-12-28 06:01:00+00:00,0.08462785291366215,61.47426734398382,Smart Break-even,0 days 00:01:00,67.65880808122832,41.96986919787214,2.755786619678932,0.011338111027917411
231,ONTUSDT,0.06633315,0.0667666,2025-12-28 06:15:00+00:00,2025-12-28 06:16:00+00:00,0.5116514749305767,61.94352277247027,Smart Trailing (Max 58%),0 days 00:01:00,70.97155657134827,26.329382666617516,2.8490048674934587,0.01661631419939583
232,ADAUSDT,0.37168575,0.37331325000000004,2025-12-28 05:45:00+00:00,2025-12-28 06:31:00+00:00,0.32908939146744276,62.27261216393771,Smart Trailing (Max 76%),0 days 00:46:00,70.08475758728109,55.29008411102651,2.7891510246313187,0.0035002692514807966
233,NEARUSDT,1.6058024999999998,1.6082095979474997,2025-12-28 05:45:00+00:00,2025-12-28 06:31:00+00:00,0.08468625722897699,62.35729842116668,Smart Break-even,0 days 00:46:00,70.32004477247261,45.37774462258833,2.8237263756086635,0.0006230529595016274
234,ADAUSDT,0.3737868,0.3743471064132,2025-12-28 06:45:00+00:00,2025-12-28 06:46:00+00:00,0.08590252197206788,62.35722053499465,Smart Break-even,0 days 00:01:00,74.0524721913257,57.458733871973834,5.76005644777517,0.010174029451137953
235,UNIUSDT,6.3221595,6.335830500000001,2025-12-28 06:45:00+00:00,2025-12-28 06:46:00+00:00,0.14286247924174456,62.500083014236395,Smart Trailing (Max 78%),0 days 00:01:00,76.49414465490891,46.61442742460887,5.43624609888638,0.0031645569620252488
236,ONTUSDT,0.06793394999999999,0.06691592530000001,2025-12-28 07:00:00+00:00,2025-12-28 07:00:00+00:00,-1.3349805231558582,61.12199898555348,Stop Loss (1m Fallback),0 days 00:00:00,73.037748846411,32.70146558865539,3.2198061408128074,0.019145802650957226
237,STORJUSDT,0.16428210000000001,0.16671660000000002,2025-12-28 07:45:00+00:00,2025-12-28 07:46:00+00:00,1.2071609946011457,62.28700687740597,Smart Trailing (Max 125%),0 days 00:01:00,68.02699213605679,51.28847632227272,3.1668293189815686,0.017661388550548024
238,STORJUSDT,0.16678334999999997,0.1642840169,2025-12-28 08:00:00+00:00,2025-12-28 08:00:00+00:00,-1.3304292893190506,60.91362103161975,Stop Loss (1m Fallback),0 days 00:00:00,70.31846971194942,52.80236518735568,2.542599119169598,0.009592326139088671
239,XPLUSDT,0.15337664999999998,0.15582205000000002,2025-12-28 09:15:00+00:00,2025-12-28 09:16:00+00:00,1.2966495214970628,62.12628073748273,Smart Trailing (Max 138%),0 days 00:01:00,67.05226693820306,29.286906780975112,3.661483375967634,0.013698630136986422
240,XPLUSDT,0.15597795,0.15802095,2025-12-28 09:30:00+00:00,2025-12-28 09:31:00+00:00,1.0795192727046488,63.16295429933395,Smart Trailing (Max 126%),0 days 00:01:00,73.51557221124808,31.297769292435024,4.165712515572049,0.010904425914047333
241,XPLUSDT,0.15637815,0.15672160000000002,2025-12-28 10:30:00+00:00,2025-12-28 10:31:00+00:00,0.14776020495376657,63.267153846150244,Smart Trailing (Max 55%),0 days 00:01:00,67.44710863571619,39.49655821117944,2.8909331008320156,0.02367242482405636
242,TAOUSDT,226.78333499999997,223.38487168999998,2025-12-28 08:15:00+00:00,2025-12-28 11:30:00+00:00,-1.3010942346042458,61.966059611546,Stop Loss (1m Fallback),0 days 03:15:00,67.47437363187927,30.15074908187859,2.7024554811343102,0.0027352538933251183
243,AVAXUSDT,12.8274105,12.635185247,2025-12-28 02:30:00+00:00,2025-12-28 12:30:00+00:00,-1.3984278966404555,60.567631714905545,Stop Loss (1m Fallback),0 days 10:00:00,76.81729633758168,51.992583587368,3.662687693992243,0.006161765852897638
