symbol,entry_price,exit_price,entry_time,exit_time,pnl,reason,duration,rsi,adx,volume_ratio,upper_wick_ratio
AIXBTUSDTUSDT,0.07671834,0.07721674069581,2025-10-31 10:00:00,2025-10-31 10:02:00,2.996625875000019,Trailing Stop,0 days 00:02:00,78.6400660840885,48.86822526541581,3.698396462763825,0.23188405797102643
TACUSDTUSDT,0.004898448,0.004827454793136,2025-10-31 14:30:00,2025-10-31 14:30:00,-7.71703558963486,Stop Loss,0 days 00:00:00,84.76598168922675,20.029438931147922,29.533617490831016,0.0751565762004166
BASUSDTUSDT,0.014277134999999998,0.014070216482444999,2025-10-31 15:00:00,2025-10-31 15:00:00,-7.1384217723703784,Stop Loss,0 days 00:00:00,80.87616966708794,20.091771701104182,7.681243050676558,0.08737864077670054
BASUSDTUSDT,0.015167579999999998,0.015205476198629997,2025-10-31 15:30:00,2025-10-31 15:30:00,0.8800511490575073,Trailing Stop,0 days 00:00:00,85.51838510248267,23.853325020931816,6.443340558436445,0.0
TACUSDTUSDT,0.005336667,0.005371336657165499,2025-10-31 16:30:00,2025-10-31 16:30:00,2.6670539735100913,Trailing Stop,0 days 00:00:00,79.5823529963381,30.880909952738566,16.082021730431457,0.21551724137931041
PUMPUSDTUSDT,0.00470235,0.004634198841450001,2025-10-31 20:00:00,2025-10-31 20:02:00,-6.867964905873687,Stop Loss,0 days 00:02:00,72.19337568588597,19.707659014153887,4.294269737850386,0.015624999999998676
TANSSIUSDTUSDT,0.029284635,0.028860212784945,2025-10-31 19:45:00,2025-10-31 20:33:00,-6.868308321289797,Stop Loss,0 days 00:48:00,72.46002939295005,22.605254743578964,3.7300541152867153,0.23809523809523653
BATUSDTUSDT,0.17058525,0.171011457247125,2025-11-01 06:15:00,2025-11-01 06:17:00,0.7781195523167671,Trailing Stop,0 days 00:02:00,78.79076025948714,41.6039960098708,7.939088240787039,0.17391304347825196
BATUSDTUSDT,0.17158575,0.172014456996375,2025-11-01 06:30:00,2025-11-01 06:35:00,0.7858511456363875,Trailing Stop,0 days 00:05:00,77.93178552354163,28.78319895948714,8.911851739332832,0.15151515151514208
BATUSDTUSDT,0.174087,0.17452195636949996,2025-11-01 07:00:00,2025-11-01 07:01:00,0.7936595620291342,Trailing Stop,0 days 00:01:00,81.55676890510077,31.72141932854928,5.810789168466997,0.16000000000000622
BATUSDTUSDT,0.17758875,0.178032455491875,2025-11-01 07:15:00,2025-11-01 07:21:00,0.8015455648286358,Trailing Stop,0 days 00:06:00,88.24308771236633,44.9750217114658,13.143618512843826,0.08571428571429206
WLDUSDTUSDT,0.8390192999999999,0.8411155897210498,2025-11-01 07:30:00,2025-11-01 07:31:00,0.8095099249529156,Trailing Stop,0 days 00:01:00,82.35219660477894,26.097751994512098,3.85378748144397,0.18260869565217205
TURTLEUSDTUSDT,0.1232616,0.12356956910759999,2025-11-01 07:45:00,2025-11-01 07:47:00,0.8175534209803974,Trailing Stop,0 days 00:02:00,63.456201185855555,26.654787774027454,3.9905856617162585,0.0
WLDUSDTUSDT,0.8691343499999999,0.8713058821734749,2025-11-01 08:00:00,2025-11-01 08:00:00,0.8256768392254683,Trailing Stop,0 days 00:00:00,89.72678000247917,33.056077149542155,7.384149247023121,0.003333333333332963
BATUSDTUSDT,0.1810905,0.18154295461424996,2025-11-01 08:45:00,2025-11-01 08:47:00,0.8338809738154592,Trailing Stop,0 days 00:02:00,76.50108751945197,49.58167693815484,4.1312326457729815,0.2500000000000047
AIAUSDTUSDT,1.39799865,1.3777374555655502,2025-11-01 12:15:00,2025-11-01 12:15:00,-6.318936905985007,Stop Loss,0 days 00:00:00,79.00628645495877,37.40575704080425,3.5101418123372357,0.15799614643545234
ZKUSDTUSDT,0.038739359999999994,0.03817791045552,2025-11-01 15:00:00,2025-11-01 15:00:00,-5.845150804864011,Stop Loss,0 days 00:00:00,74.56062429052481,60.75348401769486,3.9892977372701273,0.21721311475409966
ZKUSDTUSDT,0.046012995,0.046127958468007504,2025-11-01 16:15:00,2025-11-01 16:15:00,0.720611900818984,Trailing Stop,0 days 00:00:00,87.57627847810096,65.75178790408373,4.537433170540179,0.08494208494208409
HUMAUSDTUSDT,0.025136561999999998,0.024772257806933998,2025-11-01 18:00:00,2025-11-01 19:56:00,-5.460612818807847,Stop Loss,0 days 01:56:00,74.25245857737455,20.256249859381487,5.481678481330985,0.14598540145984748
FETUSDTUSDT,0.2697348,0.27148713212819997,2025-11-02 04:45:00,2025-11-02 04:48:00,2.0201193189801203,Trailing Stop,0 days 00:03:00,81.13881666944278,28.71818668964508,9.249632888025843,0.048076923076923024
FETUSDTUSDT,0.2703351,0.27101053224734994,2025-11-02 05:00:00,2025-11-02 05:01:00,0.6933443935705343,Trailing Stop,0 days 00:01:00,79.3294266987439,52.543159440128896,8.090286990505142,0.2201834862385329
ZKUSDTUSDT,0.060210089999999994,0.060360524909864995,2025-11-02 06:00:00,2025-11-02 06:00:00,0.7002336394012598,Trailing Stop,0 days 00:00:00,80.83355454365248,54.347972309592954,3.5926575949003077,0.22311827956989286
KDAUSDTUSDT,0.058029,0.057187985703,2025-11-02 06:45:00,2025-11-02 06:45:00,-5.3059262522451345,Stop Loss,0 days 00:00:00,79.2203285560768,13.743609014439723,7.21974648259814,0.2688766114180473
PLUMEUSDTUSDT,0.065602785,0.0657666935583225,2025-11-02 06:30:00,2025-11-02 07:01:00,0.7071913385266523,Trailing Stop,0 days 00:31:00,79.25493609322963,23.298431651485544,3.5795368861179457,0.06976744186047037
SAGAUSDTUSDT,0.10475235,0.10501407374647499,2025-11-02 07:00:00,2025-11-02 07:01:00,0.6541342952270468,Trailing Stop,0 days 00:01:00,75.15483375871108,24.904542038520095,6.751415865343429,0.06249999999999756
BATUSDTUSDT,0.19349669999999997,0.19398015150494993,2025-11-02 07:30:00,2025-11-02 07:46:00,0.6676627469206907,Trailing Stop,0 days 00:16:00,67.097686381091,21.820362864060264,4.242168813051514,0.036363636363637375
USUALUSDTUSDT,0.031515749999999995,0.031562992109249996,2025-11-02 07:15:00,2025-11-02 08:02:00,0.3337227422970779,Stop Loss,0 days 00:47:00,63.31863332462402,14.300424571045008,4.214198323375461,0.2631578947368556
FARTCOINUSDTUSDT,0.3393696,0.3344511163872,2025-11-02 08:15:00,2025-11-02 09:41:00,-5.084383096462433,Stop Loss,0 days 01:26:00,64.95658858754135,10.626995040035142,3.670267075447763,0.047619047619042586
FILUSDTUSDT,1.7838914999999997,1.7580375604904996,2025-11-02 09:30:00,2025-11-02 09:35:00,-5.084128877307624,Stop Loss,0 days 00:05:00,81.94333584214968,45.49743898190068,6.048405105585433,0.2
SEIUSDTUSDT,0.20120054999999998,0.20170324957417496,2025-11-02 12:00:00,2025-11-02 12:20:00,0.576016351299026,Trailing Stop,0 days 00:20:00,68.76648352457944,18.145453617979626,4.076099014454499,0.07894736842105128
PORT3USDTUSDT,0.046853414999999995,0.046174368456405,2025-11-02 12:45:00,2025-11-02 12:53:00,-4.364904698592758,Stop Loss,0 days 00:08:00,77.550898189465,23.93230273461228,4.9220949541019445,0.19999999999999926
ARCUSDTUSDT,0.01856928,0.01861567534608,2025-11-02 15:30:00,2025-11-02 15:32:00,0.5381216630251864,Trailing Stop,0 days 00:02:00,66.316684354068,19.772472258506138,3.642566322823533,0.24193548387096947
ATUSDTUSDT,0.4340169,0.4277266930683,2025-11-02 21:00:00,2025-11-02 21:00:00,-4.077748435536627,Stop Loss,0 days 00:00:00,68.63040630179006,21.313640543652532,3.531801403320546,0.29999999999999866
ATUSDTUSDT,0.46043009999999995,0.46526208368444993,2025-11-02 21:15:00,2025-11-02 21:15:00,2.514354728169775,Trailing Stop,0 days 00:00:00,82.19289930628723,20.368208962574844,7.435264468930913,0.28897338403041817
MOCAUSDTUSDT,0.06031014,0.06040054489986,2025-11-02 21:30:00,2025-11-02 21:38:00,0.26380284395071435,Stop Loss,0 days 00:08:00,65.45716664350154,30.60249758200033,3.5050897408584083,0.23076923076923078
ATUSDTUSDT,0.5127562499999999,0.5140373714906249,2025-11-02 22:15:00,2025-11-02 22:15:00,0.5304118326656484,Trailing Stop,0 days 00:00:00,86.99453431252446,35.15186741349213,5.8611723288941775,0.20886075949367156
0GUSDTUSDT,1.20009975,1.2078961980258747,2025-11-03 06:45:00,2025-11-03 06:45:00,1.6074485982123237,Trailing Stop,0 days 00:00:00,83.92290507056134,33.874697927206846,5.270222757307677,0.24060150375939834
0GUSDTUSDT,1.2320157,1.2498706875322498,2025-11-03 07:00:00,2025-11-03 07:00:00,3.8631968497876286,Trailing Stop,0 days 00:00:00,85.97980792459056,37.071846187686226,4.950525452125575,0.2319749216300891
0GUSDTUSDT,1.35157545,1.3549523612618248,2025-11-03 07:30:00,2025-11-03 07:30:00,0.5902590233528249,Trailing Stop,0 days 00:00:00,86.23042497696744,40.085286454737705,11.86864654141912,0.28368200836820134
MOCAUSDTUSDT,0.062701335,0.06310867422282748,2025-11-03 11:30:00,2025-11-03 11:30:00,1.7888195195463688,Trailing Stop,0 days 00:00:00,65.60413395327038,25.85196567521275,6.910127388944569,0.06185567010309013
SQDUSDTUSDT,0.086873415,0.08743778814054748,2025-11-03 11:45:00,2025-11-03 11:45:00,1.84233430715018,Trailing Stop,0 days 00:00:00,76.27100652260563,31.369723034630194,7.7059578565693725,0.14000000000000112
SQDUSDTUSDT,0.095217585,0.093837596540595,2025-11-03 12:00:00,2025-11-03 12:00:00,-4.74445593455461,Stop Loss,0 days 00:00:00,85.18773328819212,37.287272457067125,18.6962283396488,0.045508982035928805
COAIUSDTUSDT,1.6768379999999998,1.7413635646589998,2025-11-03 14:00:00,2025-11-03 14:00:00,11.117321120142064,Trailing Stop,0 days 00:00:00,86.66230133282176,24.02447714607597,9.19448320558229,0.010752688172042618
SOLVUSDTUSDT,0.023751869999999998,0.02340763414809,2025-11-03 17:15:00,2025-11-03 17:15:00,-5.221510209433795,Stop Loss,0 days 00:00:00,74.92199228460188,31.965552178686174,4.2111759068002295,0.27333333333333354
SOLVUSDTUSDT,0.023921954999999998,0.023981724004567495,2025-11-03 17:30:00,2025-11-03 17:30:00,0.6437271719378574,Trailing Stop,0 days 00:00:00,72.53310180946035,37.051526636799636,6.014733744793481,0.291666666666667
AIAUSDTUSDT,1.4830411499999998,1.5578969105256748,2025-11-04 13:00:00,2025-11-04 13:00:00,16.258942423376784,Trailing Stop,0 days 00:00:00,81.97676472833403,37.57416332478839,5.561484209706411,0.08943514644351523
TRUTHUSDTUSDT,0.014732362499999999,0.014518846370287499,2025-11-04 18:45:00,2025-11-04 18:48:00,-6.0960186092883335,Stop Loss,0 days 00:03:00,72.90959085215658,26.13950061922485,4.243578997105019,0.06934306569343038
TRUTHUSDTUSDT,0.0146343135,0.01467087733227975,2025-11-04 19:00:00,2025-11-04 19:02:00,0.7515398155016789,Trailing Stop,0 days 00:02:00,69.11896857526287,18.771928345757882,3.57311178380637,0.28508771929824556
TRUTHUSDTUSDT,0.0166093005,0.0163685819078535,2025-11-04 20:45:00,2025-11-04 20:49:00,-5.694976652077172,Stop Loss,0 days 00:04:00,88.80069770938843,53.053813892222365,3.5907349313321553,0.1721014492753583
XPLUSDTUSDT,0.2823411,0.28304652923835,2025-11-05 11:45:00,2025-11-05 11:49:00,0.7020978734984504,Trailing Stop,0 days 00:04:00,73.14143769756276,31.683638501871577,4.761309247901781,0.25806451612903436
HUSDTUSDT,0.293556705,0.289302187674435,2025-11-05 13:00:00,2025-11-05 13:00:00,-5.320318251372658,Stop Loss,0 days 00:00:00,76.51991107496133,22.231731060252894,4.843037105118469,0.11692176870748171
ZKUSDTUSDT,0.07745871,0.07633610091597001,2025-11-05 14:00:00,2025-11-05 14:00:00,-4.921407346176957,Stop Loss,0 days 00:00:00,74.01443954744076,27.38046892238776,5.764632330139089,0.28825622775800647
STBLUSDTUSDT,0.071765865,0.07366669158332251,2025-11-05 14:15:00,2025-11-05 14:17:00,7.890215021512798,Trailing Stop,0 days 00:02:00,83.8023799679122,30.980684687086775,4.778061707107639,0.059701492537311066
ACHUSDTUSDT,0.0112526235,0.011089539227614499,2025-11-05 17:00:00,2025-11-05 17:13:00,-5.143125586414939,Stop Loss,0 days 00:13:00,74.68675882978026,27.427927954444353,5.355813348324915,0.12621359223301232
AI16ZUSDTUSDT,0.07100548500000001,0.069976402505895,2025-11-05 19:00:00,2025-11-05 19:00:00,-4.757500368847851,Stop Loss,0 days 00:00:00,86.41087079023619,32.097262283448046,4.561443204279968,0.06067415730337067
USUALUSDTUSDT,0.034437209999999996,0.035624691093824996,2025-11-05 19:30:00,2025-11-05 19:30:00,9.974402165214148,Trailing Stop,0 days 00:00:00,79.27274071950714,37.40201013907214,4.502030336609168,0.04329004329004153
USUALUSDTUSDT,0.034017,0.033523991619,2025-11-06 06:15:00,2025-11-06 06:20:00,-5.147938476156884,Stop Loss,0 days 00:05:00,69.61827539270347,25.365805833102296,5.558693109142581,0.11377245508981747
ALCHUSDTUSDT,0.09478737,0.09341361664659001,2025-11-06 06:30:00,2025-11-06 06:33:00,-4.761952394048784,Stop Loss,0 days 00:03:00,63.30524204226824,13.559588223332865,5.143071505775986,0.2065217391304292
RESOLVUSDTUSDT,0.079489725,0.08000612999846249,2025-11-06 07:15:00,2025-11-06 07:15:00,1.7616542953107275,Trailing Stop,0 days 00:00:00,79.79576674937887,54.52496794641498,3.821990903896831,0.2281249999999982
RESOLVUSDTUSDT,0.09266630999999999,0.09623215594195499,2025-11-06 08:15:00,2025-11-06 08:15:00,11.492134402472415,Trailing Stop,0 days 00:00:00,86.30538320433415,60.99974832775634,5.195991469461895,0.12392829306313288
RESOLVUSDTUSDT,0.09880937999999999,0.09737733565566,2025-11-06 08:30:00,2025-11-06 08:30:00,-5.397550044855422,Stop Loss,0 days 00:00:00,88.6582713001068,62.03028444567067,4.187154989447717,0.17609046849757795
SKYAIUSDTUSDT,0.01752876,0.01757255560686,2025-11-06 09:15:00,2025-11-06 09:15:00,0.6654300166818481,Trailing Stop,0 days 00:00:00,80.89653256441012,24.47934758874781,5.067831465029259,0.0
AIAUSDTUSDT,2.4394191,2.4040645989837,2025-11-06 10:00:00,2025-11-06 10:00:00,-5.042458603560325,Stop Loss,0 days 00:00:00,76.06100063919924,39.69196493188467,3.5239265367038626,0.11639042357274425
ALCHUSDTUSDT,0.09692843999999999,0.09552365611908,2025-11-06 10:30:00,2025-11-06 10:37:00,-4.664381272295605,Stop Loss,0 days 00:07:00,69.2126905738005,12.846918613641098,3.661464451393716,0.06060606060606239
TRUTHUSDTUSDT,0.016910451,0.0169527017618235,2025-11-06 10:45:00,2025-11-06 10:45:00,0.5750422473234251,Trailing Stop,0 days 00:00:00,81.54332505631024,33.30928314352947,7.151322759208269,0.2409638554216944
TRUTHUSDTUSDT,0.017336663999999998,0.017085403728648,2025-11-06 11:00:00,2025-11-06 11:00:00,-4.35752318761551,Stop Loss,0 days 00:00:00,84.87431851923358,36.52152193770194,11.644894193710211,0.05084745762711907
SKYAIUSDTUSDT,0.019029509999999996,0.019077055230734996,2025-11-06 11:15:00,2025-11-06 11:15:00,0.5372116429361018,Trailing Stop,0 days 00:00:00,79.48233740359366,36.90459836921449,7.255802032420188,0.046296296296294365
NILUSDTUSDT,0.18499245,0.188413052896725,2025-11-06 11:30:00,2025-11-06 11:37:00,4.884574972972181,Trailing Stop,0 days 00:07:00,63.725203106899095,24.550708042207113,8.518664676130598,0.07317073170731567
MERLUSDTUSDT,0.32684334,0.32765995808499,2025-11-06 13:00:00,2025-11-06 13:03:00,0.5913009918030665,Trailing Stop,0 days 00:03:00,67.69711503552966,21.528942136131832,4.836727024003221,0.14514896867837668
MERLUSDTUSDT,0.33672828,0.3389158352710199,2025-11-06 13:30:00,2025-11-06 13:34:00,1.7919772747500566,Trailing Stop,0 days 00:04:00,74.71746163192469,24.973349587636573,4.9378588469487354,0.012121212121213074
MERLUSDTUSDT,0.34006994999999995,0.33514131621464993,2025-11-06 13:45:00,2025-11-06 13:49:00,-4.614774410256855,Stop Loss,0 days 00:04:00,83.52014287638545,41.624841881605114,3.8533926752118237,0.11111111111110555
TRUTHUSDTUSDT,0.0171475695,0.0168990497752365,2025-11-06 17:00:00,2025-11-06 17:01:00,-4.268764312685265,Stop Loss,0 days 00:01:00,67.6177789762969,23.08443421476394,4.158304357938037,0.1500000000000015
SKYAIUSDTUSDT,0.023791889999999996,0.02344707413823,2025-11-06 17:45:00,2025-11-06 17:45:00,-3.948697625772082,Stop Loss,0 days 00:00:00,75.96941809523067,37.678664704793995,6.87123171578202,0.022304832713755045
COAIUSDTUSDT,1.4227109999999998,1.4888336277914997,2025-11-06 19:00:00,2025-11-06 19:00:00,11.200652883801604,Trailing Stop,0 days 00:00:00,85.56736458693406,28.239203256390322,3.975629371437047,0.04878048780487811
TANSSIUSDTUSDT,0.026002994999999997,0.025626133593464998,2025-11-07 04:30:00,2025-11-07 04:35:00,-4.491697628882881,Stop Loss,0 days 00:05:00,77.34418380611902,22.73867253766493,4.802137605184712,0.19658119658119733
BASUSDTUSDT,0.010395195,0.010244537438865,2025-11-07 05:15:00,2025-11-07 05:15:00,-4.154915676686573,Stop Loss,0 days 00:00:00,76.67540056851799,21.81548420850562,5.025262042229933,0.01851851851851938
MERLUSDTUSDT,0.335097465,0.3359347060163025,2025-11-07 05:30:00,2025-11-07 05:32:00,0.5122334364800434,Trailing Stop,0 days 00:02:00,74.40538341253472,23.054675313651547,3.621570479319504,0.03027027027027042
AIXBTUSDTUSDT,0.06499248,0.06515486371128,2025-11-07 09:15:00,2025-11-07 09:17:00,0.5173231178841219,Trailing Stop,0 days 00:02:00,67.10192118485094,35.87836827334481,3.9759618482352694,0.06666666666666358
MERLUSDTUSDT,0.353566695,0.3572772006806775,2025-11-07 13:15:00,2025-11-07 13:15:00,2.6131013705068136,Trailing Stop,0 days 00:00:00,78.03473919568276,25.283837491660876,6.004658457582145,0.22073578595317475
FETUSDTUSDT,0.28144064999999996,0.28214382946402494,2025-11-07 14:00:00,2025-11-07 14:00:00,0.5485323418459335,Trailing Stop,0 days 00:00:00,74.41449860542265,43.8871877431281,5.468807534587294,0.27464788732394485
XPLUSDTUSDT,0.2977488,0.2984927253768,2025-11-07 15:00:00,2025-11-07 15:02:00,0.553982698384626,Trailing Stop,0 days 00:02:00,75.53861657038902,29.073163199541163,3.755564272292043,0.24309392265193447
STRKUSDTUSDT,0.134067,0.132123966969,2025-11-07 15:30:00,2025-11-07 15:32:00,-4.197939307911556,Stop Loss,0 days 00:02:00,82.27476023284372,36.712285666666794,5.668030667495925,0.043478260869565216
GALAUSDTUSDT,0.009974984999999999,0.009999907500022498,2025-11-07 16:30:00,2025-11-07 16:30:00,0.5175375495323958,Trailing Stop,0 days 00:00:00,78.79362510152808,27.754178018764573,3.846973338524627,0.07692307692307829
NEIROUSDTUSDT,0.00017168579999999998,0.0001691975577006,2025-11-07 17:00:00,2025-11-07 17:07:00,-3.921767284136337,Stop Loss,0 days 00:07:00,78.73538038395135,28.304625261157735,3.7678405867489406,0.02173913043478312
GMTUSDTUSDT,0.025252619999999996,0.025315713671069995,2025-11-07 18:15:00,2025-11-07 18:19:00,0.48349003670517565,Trailing Stop,0 days 00:04:00,85.83138864693723,39.47151501319949,3.8501721043185486,0.22222222222221966
TACUSDTUSDT,0.005800899,0.0059313525171615,2025-11-07 18:45:00,2025-11-07 18:45:00,5.37279963920911,Trailing Stop,0 days 00:00:00,79.74218560496004,28.047315232234247,4.085451397411104,0.14393939393939315
CKBUSDTUSDT,0.003485742,0.003494451126387,2025-11-07 18:30:00,2025-11-07 19:00:00,0.48829411639547654,Trailing Stop,0 days 00:30:00,81.34222017785494,36.41644606202666,3.921861031357219,0.09859154929577568
STABLEUSDTUSDT,0.05972985,0.062505884373525,2025-11-07 19:30:00,2025-11-07 19:30:00,12.58035572991714,Trailing Stop,0 days 00:00:00,76.68947162397045,41.73175283029918,3.7404427825740942,0.06868131868131874
0GUSDTUSDT,1.3900947,1.3699480575129,2025-11-08 06:00:00,2025-11-08 06:00:00,-5.044987518923355,Stop Loss,0 days 00:00:00,86.12012202507198,64.13751814252555,4.850301642127121,0.04392236976506605
0GUSDTUSDT,1.49404665,1.5276455180885251,2025-11-08 06:15:00,2025-11-08 06:15:00,6.843947589292052,Trailing Stop,0 days 00:00:00,85.20049734570556,56.60410309430192,7.931234882906762,0.06551059730250394
0GUSDTUSDT,1.5971982,1.6011887997027,2025-11-08 06:30:00,2025-11-08 06:30:00,0.6902790980635961,Trailing Stop,0 days 00:00:00,88.72242385220122,59.99055776289622,5.810099298089899,0.29085603112840286
RESOLVUSDTUSDT,0.08249122499999999,0.08335692916076248,2025-11-08 07:30:00,2025-11-08 07:30:00,3.4867362289156825,Trailing Stop,0 days 00:00:00,68.07232292039814,23.630200364128143,5.8353665470897,0.04845814977973521
RESOLVUSDTUSDT,0.090455205,0.0906812073296925,2025-11-08 08:30:00,2025-11-08 08:30:00,0.7319224621872495,Trailing Stop,0 days 00:00:00,70.7109370728282,25.429955699602594,3.547812764982762,0.23705179282868408
SAGAUSDTUSDT,0.10195095,0.10220567444857499,2025-11-08 08:45:00,2025-11-08 08:47:00,0.739195029496853,Trailing Stop,0 days 00:02:00,62.38025675863146,18.72110531398176,4.55674809592544,0.13333333333333086
RESOLVUSDTUSDT,0.10092043499999999,0.10117258470684748,2025-11-08 09:30:00,2025-11-08 09:30:00,0.7465398588806573,Trailing Stop,0 days 00:00:00,79.27718069994191,31.466501472367735,5.160217696885809,0.13538461538461544
TRUTHUSDTUSDT,0.0245892885,0.02474903281274025,2025-11-08 10:30:00,2025-11-08 10:30:00,2.262439062938223,Trailing Stop,0 days 00:00:00,75.56396560942737,22.230606759842257,8.459148869783201,0.04633471645919856
ATHUSDTUSDT,0.02659329,0.026207873448029998,2025-11-08 11:00:00,2025-11-08 11:04:00,-5.826327174750973,Stop Loss,0 days 00:04:00,74.76204052379403,20.01067367052271,4.843291005437718,0.1864406779660999
PARTIUSDTUSDT,0.07257626999999998,0.07275760181059499,2025-11-08 11:30:00,2025-11-08 11:31:00,0.7182912537853832,Trailing Stop,0 days 00:01:00,68.73626751437133,20.388438261739875,3.9770095769379377,0.14215686274509734
PARTIUSDTUSDT,0.07489742999999999,0.07508456122885498,2025-11-08 11:45:00,2025-11-08 11:47:00,0.7254283779493851,Trailing Stop,0 days 00:02:00,77.15442169003786,28.40658533360269,3.982458420394214,0.2499999999999985
APRUSDTUSDT,0.27997991999999994,0.27592217101944,2025-11-08 16:30:00,2025-11-08 16:30:00,-5.497110851563099,Stop Loss,0 days 00:00:00,77.17442610962487,21.363031329439718,5.065209300897846,0.015128006206361563
MERLUSDTUSDT,0.46009993499999996,0.4612494946875974,2025-11-08 17:00:00,2025-11-08 17:01:00,0.6777042427136057,Trailing Stop,0 days 00:01:00,69.36302831291256,44.636485289354255,4.029293541729718,0.01667875271935838
APRUSDTUSDT,0.301240545,0.3019931945016825,2025-11-08 18:30:00,2025-11-08 18:31:00,0.6844380840366625,Trailing Stop,0 days 00:01:00,76.08252858512672,26.27245984271224,4.937361940152543,0.03973232956921819
TRUTHUSDTUSDT,0.0336778305,0.03430055042486024,2025-11-08 19:30:00,2025-11-08 19:30:00,6.223225389462245,Trailing Stop,0 days 00:00:00,82.9941488021336,37.94546781416898,9.270529053712952,0.1147697772919798
TRUTHUSDTUSDT,0.037892936999999995,0.037343754664058995,2025-11-08 21:00:00,2025-11-08 21:00:00,-5.652536163577854,Stop Loss,0 days 00:00:00,83.19657586176913,43.379427459059364,3.6273073327007235,0.20977859778597766
0GUSDTUSDT,1.7734862999999998,1.7477831630540999,2025-11-09 04:15:00,2025-11-09 04:15:00,-5.22871596878361,Stop Loss,0 days 00:00:00,81.88909349929838,33.058834378176634,4.632667745334989,0.2523584905660414
RESOLVUSDTUSDT,0.106183065,0.1068728832817725,2025-11-09 04:30:00,2025-11-09 04:30:00,1.9343305399019068,Trailing Stop,0 days 00:00:00,78.13888100918027,31.443370027905427,3.501301701903236,0.05693069306930716
RESOLVUSDTUSDT,0.115307625,0.113636471590875,2025-11-09 05:30:00,2025-11-09 05:33:00,-4.981368459464594,Stop Loss,0 days 00:03:00,81.29189478087028,41.290522838018084,7.443414192969179,0.18518518518518529
RESOLVUSDTUSDT,0.12190092,0.12561700859574002,2025-11-09 06:00:00,2025-11-09 06:00:00,9.215051576610541,Trailing Stop,0 days 00:00:00,84.59072200288729,45.76321750495549,5.237083594037087,0.22526636225266528
MONUSDTUSDT,0.064382175,0.063449084137725,2025-11-09 06:15:00,2025-11-09 06:20:00,-5.298113655415347,Stop Loss,0 days 00:05:00,73.28094166363003,28.943348420463614,4.37615630910103,0.2295081967213137
FARTCOINUSDTUSDT,0.3099549,0.3054627236343,2025-11-09 08:15:00,2025-11-09 08:23:00,-4.900867623457374,Stop Loss,0 days 00:08:00,70.22890733217939,29.309052915171186,3.525381766329537,0.15094339622640818
YALAUSDTUSDT,0.06299148,0.06207854448036001,2025-11-09 14:00:00,2025-11-09 14:00:00,-4.533406609369875,Stop Loss,0 days 00:00:00,79.4855498400635,25.36832410467708,9.18454358122655,0.19417475728155476
USELESSUSDTUSDT,0.17698845,0.17743065564232496,2025-11-09 14:30:00,2025-11-09 14:30:00,0.5588952044221862,Trailing Stop,0 days 00:00:00,69.5465699707985,16.842485711457748,5.622083398746554,0.2820512820512784
APRUSDTUSDT,0.369434625,0.37774265556431247,2025-11-09 15:00:00,2025-11-09 15:00:00,6.211052708024256,Trailing Stop,0 days 00:00:00,83.25941334415523,41.832674554210335,6.131601892963602,0.057445442875481895
APRUSDTUSDT,0.38757368999999997,0.388542042864465,2025-11-09 15:45:00,2025-11-09 15:45:00,0.6264454549635367,Trailing Stop,0 days 00:00:00,86.73236343919861,48.38529258042599,3.5864172051275305,0.27370441458733286
APRUSDTUSDT,0.426082935,0.419907715023045,2025-11-09 16:15:00,2025-11-09 16:15:00,-4.747043558079095,Stop Loss,0 days 00:00:00,86.56709376245837,52.818043319817036,3.7748516257199825,0.27418321588725225
APRUSDTUSDT,0.445872825,0.4523346369163124,2025-11-09 16:30:00,2025-11-09 16:30:00,4.097950274173444,Trailing Stop,0 days 00:00:00,87.5842649870353,50.34124995755035,5.1875987059888935,0.18301830183018286
SQDUSDTUSDT,0.0826413,0.0814435796391,2025-11-09 19:45:00,2025-11-09 19:56:00,-4.697950890341509,Stop Loss,0 days 00:11:00,79.45596668002776,45.22896906285824,4.771852959643648,0.18285714285714316
FARTCOINUSDTUSDT,0.33606794999999995,0.33119731720065,2025-11-09 20:00:00,2025-11-09 20:03:00,-4.345704322808126,Stop Loss,0 days 00:03:00,74.41917516155287,24.381356420210984,5.711172357007602,0.1176470588235298
WLFIUSDTUSDT,0.13576784999999997,0.13936386515902496,2025-11-10 04:15:00,2025-11-10 04:15:00,6.967222811480839,Trailing Stop,0 days 00:00:00,77.81332852125905,40.61622863163708,3.5431637054607643,0.11627906976744201
WLFIUSDTUSDT,0.14937464999999997,0.14720976319754997,2025-11-10 04:30:00,2025-11-10 04:30:00,-4.541713193488291,Stop Loss,0 days 00:00:00,89.31855770585967,61.903047859249035,28.17242568728514,0.050279329608939216
STRKUSDTUSDT,0.1718859,0.17231535692115,2025-11-10 05:30:00,2025-11-10 05:32:00,0.559919270963975,Trailing Stop,0 days 00:02:00,76.13431775868264,43.25303868626763,3.5444456510256748,0.1909090909090899
FETUSDTUSDT,0.36748365,0.368401807899525,2025-11-10 08:30:00,2025-11-10 08:30:00,0.5654827709198023,Trailing Stop,0 days 00:00:00,74.4057789744321,23.58197331433973,4.157574488237074,0.07017543859648998
STRKUSDTUSDT,0.20420205,0.20471224882192499,2025-11-10 09:45:00,2025-11-10 09:45:00,0.5711015512229116,Trailing Stop,0 days 00:00:00,76.99293273286729,51.92096417266817,4.301046802104357,0.19000000000000164
PLUMEUSDTUSDT,0.054267119999999995,0.05440270639931999,2025-11-10 10:00:00,2025-11-10 10:15:00,0.5767761611528623,Trailing Stop,0 days 00:15:00,70.10144423970812,21.013848520816662,3.65732078924275,0.10126582278480613
BANANAS31USDTUSDT,0.002971485,0.0030145492463625,2025-11-10 13:00:00,2025-11-10 13:00:00,4.078862095867459,Trailing Stop,0 days 00:00:00,72.30181554548535,42.37309212314908,215.23642458438727,0.13986013986014031
HUMAUSDTUSDT,0.024910448999999998,0.024972687756826494,2025-11-10 14:00:00,2025-11-10 14:15:00,0.6232105819898341,Trailing Stop,0 days 00:15:00,76.67343563900079,31.53205563932147,13.218819133422123,0.2641770401106511
HUMAUSDTUSDT,0.025964975999999997,0.025588665602832,2025-11-10 14:30:00,2025-11-10 14:30:00,-4.722530517415897,Stop Loss,0 days 00:00:00,84.42758607726277,36.36438599389227,9.341350515814163,0.045540796963946355
XANUSDTUSDT,0.04118058,0.04194202951449,2025-11-10 15:30:00,2025-11-10 15:30:00,5.241648374681345,Trailing Stop,0 days 00:00:00,83.19719217089623,32.987266830340495,5.77482384190451,0.118577075098815
ALCHUSDTUSDT,0.117568755,0.11586483103378499,2025-11-10 16:00:00,2025-11-10 16:00:00,-4.7609728300722285,Stop Loss,0 days 00:00:00,74.3312165832538,36.99100855470014,7.037390664457654,0.10915934755332438
TURTLEUSDTUSDT,0.10655324999999999,0.10681947329512499,2025-11-10 16:15:00,2025-11-10 16:15:00,0.5869504133188205,Trailing Stop,0 days 00:00:00,65.11293057001912,22.40167919484806,4.957459610313963,0.22857142857143095
PORT3USDTUSDT,0.041850914999999995,0.04195547951112749,2025-11-10 17:45:00,2025-11-10 17:45:00,0.5927825015641845,Trailing Stop,0 days 00:00:00,83.10671172467539,28.06314385393688,3.9507287178160286,0.036144578313255835
PORT3USDTUSDT,0.04188093,0.041943709514070004,2025-11-10 18:00:00,2025-11-10 18:02:00,0.2992239013111335,Stop Loss,0 days 00:02:00,80.66820300099941,26.34458407080403,4.271209376956063,0.280898876404494
ALCHUSDTUSDT,0.12636314999999998,0.12667886833027497,2025-11-10 19:30:00,2025-11-10 19:30:00,0.6016307310979137,Trailing Stop,0 days 00:00:00,79.718072611337,51.59828644485044,3.5871356849547147,0.11934156378600758
PLUMEUSDTUSDT,0.05486742,0.055004506248869996,2025-11-10 20:15:00,2025-11-10 20:16:00,0.6076086867058894,Trailing Stop,0 days 00:01:00,64.50373062753377,19.826243861848035,4.360214118719059,0.05925925925925667
CRVUSDTUSDT,0.5172585,0.5097618725595,2025-11-10 22:00:00,2025-11-10 22:03:00,-4.60430334230473,Stop Loss,0 days 00:03:00,69.47687188052227,23.042417623327225,4.110573870251729,0.1
TACUSDTUSDT,0.0056058015,0.00561980759504775,2025-11-10 22:15:00,2025-11-10 22:16:00,0.5676356169774404,Trailing Stop,0 days 00:01:00,73.80971011546252,25.43710739312029,6.121104920242261,0.058823529411763956
TACUSDTUSDT,0.005658827999999999,0.005672966581757999,2025-11-10 22:30:00,2025-11-10 22:51:00,0.573275788505273,Trailing Stop,0 days 00:21:00,73.90429125526951,19.53344251545837,9.698732039378134,0.1455938697318002
METUSDTUSDT,0.40350165,0.39765370058655003,2025-11-10 23:00:00,2025-11-10 23:00:00,-4.344137414142693,Stop Loss,0 days 00:00:00,81.07871210513824,26.31413503306993,4.988398669019437,0.13675213675213607
RESOLVUSDTUSDT,0.14591292,0.14379820405044,2025-11-11 12:00:00,2025-11-11 12:00:00,-4.018419344979671,Stop Loss,0 days 00:00:00,74.44368722678527,49.114073458606775,4.202788904055299,0.1226330027051399
SQDUSDTUSDT,0.08349172499999999,0.08228167942957498,2025-11-11 15:30:00,2025-11-11 15:30:00,-3.71712321519495,Stop Loss,0 days 00:00:00,75.12992437881896,25.848135805350893,7.4823868632041135,0.11204481792717007
ALCHUSDTUSDT,0.127973955,0.12611922847018503,2025-11-11 16:45:00,2025-11-11 16:45:00,-3.438417897873924,Stop Loss,0 days 00:00:00,66.32950240049406,22.80920756357127,7.351111088855168,0.23508771929824657
ALCHUSDTUSDT,0.131775855,0.13263193684200747,2025-11-11 17:00:00,2025-11-11 17:00:00,1.272021044652376,Trailing Stop,0 days 00:00:00,74.18391498163281,23.51701325446553,6.587627225921888,0.28759894459102253
SQDUSDTUSDT,0.08593294499999998,0.08649120837719247,2025-11-11 17:30:00,2025-11-11 17:30:00,1.3100751553596588,Trailing Stop,0 days 00:00:00,70.56756359734399,38.08334312281263,7.068659597369703,0.19480519480519468
METUSDTUSDT,0.4556277,0.46040928489765,2025-11-11 18:30:00,2025-11-11 18:30:00,2.248892032539077,Trailing Stop,0 days 00:00:00,80.63740718232583,27.716907890515426,8.104284307685106,0.11848341232227232
XPINUSDTUSDT,0.0040590285,0.0040853979786502495,2025-11-11 23:00:00,2025-11-11 23:02:00,1.4165911198520997,Trailing Stop,0 days 00:02:00,73.09818743237535,17.3723306679759,7.141920717755561,0.1153846153846141
PARTIUSDTUSDT,0.07459728,0.07351614162096,2025-11-12 06:30:00,2025-11-12 06:30:00,-3.64806437101846,Stop Loss,0 days 00:00:00,76.69841252018236,29.39164438587031,12.584965937274786,0.28668941979521945
PARTIUSDTUSDT,0.07675836,0.07817766045558,2025-11-12 07:00:00,2025-11-12 07:00:00,4.049072972755505,Trailing Stop,0 days 00:00:00,80.65705703076146,32.305555602098764,8.406953588607786,0.12500000000000322
ALCHUSDTUSDT,0.132656295,0.13073370731656503,2025-11-12 09:15:00,2025-11-12 09:20:00,-3.6777603212348793,Stop Loss,0 days 00:05:00,63.83183270378788,20.424933033235874,3.6425409374556805,0.0
ALCHUSDTUSDT,0.13524759,0.13328744667813,2025-11-12 11:15:00,2025-11-12 11:16:00,-3.4020063851883244,Stop Loss,0 days 00:01:00,64.13961912333257,16.418890012136234,6.516601413496131,0.1285956006768208
XANUSDTUSDT,0.038509245000000004,0.0386054603486325,2025-11-12 12:00:00,2025-11-12 12:01:00,0.41941198262815804,Trailing Stop,0 days 00:01:00,75.07121548778917,22.220312076988343,9.76860688027689,0.15454545454545815
PLUMEUSDTUSDT,0.051665819999999994,0.05179490705126999,2025-11-12 14:00:00,2025-11-12 14:01:00,0.4235793665133516,Trailing Stop,0 days 00:01:00,81.70006686743224,31.8179820411255,19.79384889797578,0.05579399141630826
TURTLEUSDTUSDT,0.12076034999999999,0.11901017024745,2025-11-12 16:45:00,2025-11-12 16:45:00,-3.209776185956316,Stop Loss,0 days 00:00:00,70.42577538448029,14.92423853798273,9.518916491310849,0.15053763440860193
TURTLEUSDTUSDT,0.11955974999999999,0.12081446979637499,2025-11-12 17:00:00,2025-11-12 17:00:00,1.979159837128098,Trailing Stop,0 days 00:00:00,67.817521507811,35.572532958338165,7.642996429430818,0.2738095238095232
PARTIUSDTUSDT,0.085512735,0.0860682684829275,2025-11-12 19:30:00,2025-11-12 19:30:00,1.2466851273772301,Trailing Stop,0 days 00:00:00,75.05416474864033,41.427039359312936,4.9056725024898915,0.13076923076923053
PARTIUSDTUSDT,0.092496225,0.09115567721107501,2025-11-12 19:45:00,2025-11-12 19:45:00,-3.2105153924289906,Stop Loss,0 days 00:00:00,81.08468835459402,25.65631678361903,7.2667875726629925,0.2955523672883801
PARTIUSDTUSDT,0.10741368,0.1089703727574,2025-11-12 22:00:00,2025-11-12 22:00:00,2.7715213209390477,Trailing Stop,0 days 00:00:00,85.74206723978413,55.228144524253864,5.2913675222499235,0.22654268808114963
TRUTHUSDTUSDT,0.031356670499999996,0.03143501514124424,2025-11-13 06:30:00,2025-11-13 06:30:00,0.4234615867914847,Trailing Stop,0 days 00:00:00,79.07915650504208,26.141969555525055,10.382097788045643,0.16374474053296006
BEATUSDTUSDT,0.46271123999999997,0.45600516599867996,2025-11-13 14:30:00,2025-11-13 14:30:00,-3.208883681324849,Stop Loss,0 days 00:00:00,72.82051930919994,43.369233383546096,4.013205879872985,0.28702523578893674
SKYAIUSDTUSDT,0.020980484999999997,0.020676414830894996,2025-11-14 05:30:00,2025-11-14 05:31:00,-2.968285537848254,Stop Loss,0 days 00:01:00,81.34628950187668,29.694940614135295,4.726110164818829,0.06603773584905728
SKYAIUSDTUSDT,0.02177088,0.02145535463616,2025-11-14 07:00:00,2025-11-14 07:00:00,-2.7457271466323117,Stop Loss,0 days 00:00:00,79.17768929401306,35.882221624601506,4.131218580363023,0.06779661016949168
DYDXUSDTUSDT,0.34017000000000003,0.33523991619000004,2025-11-14 07:30:00,2025-11-14 07:32:00,-2.539855909286519,Stop Loss,0 days 00:02:00,80.4025893379516,21.569919381539485,4.43101520432031,0.08333333333333333
STRKUSDTUSDT,0.15387689999999998,0.15487656128084998,2025-11-14 13:30:00,2025-11-14 13:31:00,0.9396036965125357,Trailing Stop,0 days 00:01:00,68.59308795742419,18.88507995046624,3.874212645471501,0.17391304347825903
STRKUSDTUSDT,0.17018505,0.170610257347425,2025-11-14 14:45:00,2025-11-14 14:45:00,0.3224903346224368,Trailing Stop,0 days 00:00:00,86.05228707031885,35.30701475040692,4.435688359092473,0.12149532710280316
STRKUSDTUSDT,0.1726863,0.1701835574541,2025-11-14 15:00:00,2025-11-14 15:01:00,-2.4437493374445243,Stop Loss,0 days 00:01:00,81.15266376244571,27.179463190993864,5.2619663765007525,0.03007518796992566
ZKUSDTUSDT,0.05386692,0.05308622672844,2025-11-14 15:45:00,2025-11-14 15:46:00,-2.260520024043985,Stop Loss,0 days 00:01:00,82.25329677267949,27.848797165632224,6.653388504731096,0.12252964426877361
ZKUSDTUSDT,0.05372684999999999,0.052948186762949996,2025-11-14 16:00:00,2025-11-14 16:01:00,-2.0910290187321,Stop Loss,0 days 00:01:00,82.2304834890423,28.676622408490683,6.970200114370261,0.19831223628691874
METUSDTUSDT,0.5054525999999999,0.49812707546819995,2025-11-14 16:45:00,2025-11-14 16:45:00,-1.9342462401008331,Stop Loss,0 days 00:00:00,69.0938823918045,25.80930375845602,3.503182578334243,0.06312292358804025
NILUSDTUSDT,0.17278634999999998,0.17321805669547496,2025-11-15 06:00:00,2025-11-15 06:01:00,0.238461060503528,Trailing Stop,0 days 00:01:00,77.10440066224051,23.082469743698873,4.002907845071721,0.03703703703703285
FETUSDTUSDT,0.29614799999999997,0.291855927036,2025-11-15 06:45:00,2025-11-15 06:50:00,-1.8069969733947844,Stop Loss,0 days 00:05:00,79.38307398895031,27.991154972990692,3.7967862522856333,0.12121212121212478
NILUSDTUSDT,0.17138565,0.172499056875225,2025-11-15 09:00:00,2025-11-15 09:00:00,0.6684871490468333,Trailing Stop,0 days 00:00:00,60.69564191651984,18.08201035399615,4.386871573125919,0.11111111111110883
BATUSDTUSDT,0.17958975,0.180038454990375,2025-11-15 12:15:00,2025-11-15 12:16:00,0.2294378419189668,Trailing Stop,0 days 00:01:00,65.87119290830802,32.69130089173812,7.489783525891727,0.1842105263157912
NILUSDTUSDT,0.17358674999999998,0.17402045649487496,2025-11-15 13:00:00,2025-11-15 13:04:00,0.2317175945361138,Trailing Stop,0 days 00:04:00,64.60064494332099,12.765099672315118,3.835924725370189,0.13953488372093428
NILUSDTUSDT,0.18179085,0.182971854257025,2025-11-15 14:15:00,2025-11-15 14:15:00,0.702235696074728,Trailing Stop,0 days 00:00:00,70.76477840653659,27.392348755180755,7.261915216052631,0.13953488372093106
MONUSDTUSDT,0.04726361999999999,0.04738170815456999,2025-11-15 15:30:00,2025-11-15 15:40:00,0.24102100220711473,Trailing Stop,0 days 00:10:00,81.59384097876395,40.20176742451923,4.276184685821568,0.26708074534161474
COAIUSDTUSDT,0.8604299999999999,0.8694597826349999,2025-11-15 16:45:00,2025-11-15 16:45:00,1.2174447447164025,Trailing Stop,0 days 00:00:00,77.23944815294523,22.992638437244498,5.72359408556481,0.2903225806451613
COAIUSDTUSDT,0.9474734999999999,0.9839327540167498,2025-11-15 17:00:00,2025-11-15 17:00:00,4.8573932367024755,Trailing Stop,0 days 00:00:00,86.4103027353963,27.48502093998428,12.450409829709407,0.13793103448275879
RAREUSDTUSDT,0.030675329999999997,0.031855732036064996,2025-11-15 17:30:00,2025-11-15 17:30:00,5.779114198872415,Trailing Stop,0 days 00:00:00,70.0963479078236,13.738174405294945,4.0125576919362835,0.018518518518517744
NILUSDTUSDT,0.1888944,0.19012155246959997,2025-11-15 18:30:00,2025-11-15 18:30:00,1.0855284095283146,Trailing Stop,0 days 00:00:00,74.99248615906652,31.852435169047073,4.217200322575555,0.2777777777777786
RESOLVUSDTUSDT,0.170635275,0.1744726063818375,2025-11-16 06:30:00,2025-11-16 06:31:00,4.099718610168436,Trailing Stop,0 days 00:01:00,78.602329298996,35.1080253179975,5.304701206773937,0.17124735729386795
RESOLVUSDTUSDT,0.17884938,0.18144135463965,2025-11-16 07:00:00,2025-11-16 07:00:00,2.895408566523144,Trailing Stop,0 days 00:00:00,81.31226194128047,39.79146584473539,6.125727201340943,0.12926829268292772
RESOLVUSDTUSDT,0.20089039499999997,0.20862075784479747,2025-11-16 07:30:00,2025-11-16 07:30:00,8.408406027418584,Trailing Stop,0 days 00:00:00,86.32572602006617,42.69618373505369,6.3995041673794635,0.20961887477313904
WLFIUSDTUSDT,0.14927459999999998,0.1496475625881,2025-11-16 08:00:00,2025-11-16 08:02:00,0.5263367134835889,Trailing Stop,0 days 00:02:00,69.0218157326254,23.277138797428147,4.46386231246818,0.10526315789473915
LAYERUSDTUSDT,0.22341165,0.22017374495654998,2025-11-16 08:15:00,2025-11-16 08:20:00,-3.988445099770278,Stop Loss,0 days 00:05:00,83.54752689089328,21.177646898830194,6.851558870841609,0.13513513513513595
AWEUSDTUSDT,0.058459215,0.057611965597005,2025-11-16 08:30:00,2025-11-16 08:32:00,-3.689396401948079,Stop Loss,0 days 00:02:00,82.39643565866002,29.83941512344709,37.05983513177086,0.11656441717791578
AWEUSDTUSDT,0.061820894999999994,0.06271683432078749,2025-11-16 09:00:00,2025-11-16 09:00:00,3.184921901794304,Trailing Stop,0 days 00:00:00,89.47565354355591,32.94785847942308,12.634144814570838,0.1279761904761906
ASTERUSDTUSDT,1.2536264999999998,1.2617706845572498,2025-11-16 10:30:00,2025-11-16 10:46:00,1.4601678997758483,Trailing Stop,0 days 00:16:00,80.91069893420106,39.013006316956705,4.567087579358455,0.18103448275861905
WIFUSDTUSDT,0.43171574999999995,0.42545889363524997,2025-11-16 10:00:00,2025-11-16 11:14:00,-3.651241641095928,Stop Loss,0 days 01:14:00,61.15578016501445,10.871900094278974,3.7275642537140086,0.02127659574467859
LAYERUSDTUSDT,0.2259129,0.22647734338065,2025-11-16 12:00:00,2025-11-16 12:00:00,0.4646959077882551,Trailing Stop,0 days 00:00:00,67.80528524324481,33.863318065413935,4.269402150893688,0.292307692307694
NILUSDTUSDT,0.22821404999999997,0.22969664257582495,2025-11-16 20:00:00,2025-11-16 20:00:00,1.4082920846905045,Trailing Stop,0 days 00:00:00,80.67779928961441,25.157677638941742,9.651895763041221,0.14285714285714313
NILUSDTUSDT,0.24162074999999997,0.23811894047024998,2025-11-16 20:15:00,2025-11-16 20:15:00,-3.626692350494986,Stop Loss,0 days 00:00:00,89.09038612697462,33.00251411956892,8.343435845025164,0.08955223880597067
TANSSIUSDTUSDT,0.02001,0.020059994985,2025-11-17 07:45:00,2025-11-17 07:46:00,0.44711210294197085,Trailing Stop,0 days 00:01:00,61.53608824252328,20.398055845085548,3.58857275044535,0.07999999999999667
TANSSIUSDTUSDT,0.020370179999999998,0.02042107489473,2025-11-17 08:00:00,2025-11-17 08:02:00,0.4515547222515184,Trailing Stop,0 days 00:02:00,67.77566413691099,20.781000252250205,5.21899676401524,0.12121212121211611
TRUTHUSDTUSDT,0.035401692,0.03591475102131,2025-11-17 10:30:00,2025-11-17 10:30:00,3.193317555150091,Trailing Stop,0 days 00:00:00,84.717873369472,32.10291346152668,9.0526852400085,0.06780821917808096
JCTUSDTUSDT,0.0041590785,0.004169469957632249,2025-11-17 11:15:00,2025-11-17 11:15:00,0.4879079618895886,Trailing Stop,0 days 00:00:00,83.62124219317701,32.992176836386044,4.01559022755527,0.14018691588785356
JCTUSDTUSDT,0.004464231,0.004528928867767499,2025-11-17 11:30:00,2025-11-17 11:30:00,3.4504014313726303,Trailing Stop,0 days 00:00:00,89.41093589224697,38.21833678405369,9.669182958662951,0.19672131147541053
DAMUSDTUSDT,0.032046015000000004,0.03158157210460501,2025-11-17 13:00:00,2025-11-17 13:13:00,-3.955591305905269,Stop Loss,0 days 00:13:00,67.09224250809281,19.659597513141243,8.360167899538947,0.24000000000001073
FILUSDTUSDT,2.0800395000000003,2.0498934875265005,2025-11-17 17:00:00,2025-11-17 17:01:00,-3.65900594505478,Stop Loss,0 days 00:01:00,69.16226515395277,16.540028880663105,3.866711196061338,0.12121212121212108
XANUSDTUSDT,0.031625805,0.0318312620421825,2025-11-17 17:15:00,2025-11-17 17:16:00,1.353626203346563,Trailing Stop,0 days 00:01:00,76.00665754212746,52.034010597909514,6.9171720001094155,0.22641509433962834
XPLUSDTUSDT,0.23391689999999998,0.23450134137464998,2025-11-17 20:15:00,2025-11-17 20:16:00,0.46459094285301994,Trailing Stop,0 days 00:01:00,62.922141604564544,14.599770031861814,3.9234117510812268,0.13333333333333242
XPLUSDTUSDT,0.23841915,0.23901484024627498,2025-11-17 20:30:00,2025-11-17 20:30:00,0.4692072363511455,Trailing Stop,0 days 00:00:00,62.73212905007212,22.60836500024289,3.540789707757253,0.13461538461538589
AKEUSDTUSDT,0.00051955965,0.0005120296719925499,2025-11-17 21:45:00,2025-11-17 21:45:00,-3.5555325225474905,Stop Loss,0 days 00:00:00,77.71347853520561,35.684791518120086,8.268231979865478,0.14054054054053838
AKEUSDTUSDT,0.0005533765499999999,0.0005591839602039749,2025-11-18 06:00:00,2025-11-18 06:00:00,2.192354469765652,Trailing Stop,0 days 00:00:00,76.31698702555194,15.707864260799036,8.098189511586536,0.07386363636363819
AKEUSDTUSDT,0.0006090043499999999,0.00060017804995545,2025-11-18 06:15:00,2025-11-18 06:15:00,-3.4530490473895274,Stop Loss,0 days 00:00:00,88.4726067341704,31.2109405964299,50.74943327293672,0.224598930481285
AKEUSDTUSDT,0.00066403185,0.0006544080363979501,2025-11-18 06:30:00,2025-11-18 06:30:00,-3.1941436856992134,Stop Loss,0 days 00:00:00,88.26350214178157,19.940748123108587,56.27943978142729,0.04524886877828065
MEMEUSDTUSDT,0.0014977485,0.0014760416309895002,2025-11-18 11:00:00,2025-11-18 11:05:00,-2.954650728927582,Stop Loss,0 days 00:05:00,77.61502492683893,26.411489344104346,9.16210367327293,0.1874999999999983
XANUSDTUSDT,0.03843921,0.03788211052947,2025-11-18 15:00:00,2025-11-18 15:01:00,-2.7331146588796438,Stop Loss,0 days 00:01:00,83.17390372678834,40.64968100771309,3.668728762871297,0.12209302325581105
XANUSDTUSDT,0.040810395,0.0417281595679575,2025-11-18 15:30:00,2025-11-18 15:30:00,3.707698663423029,Trailing Stop,0 days 00:00:00,87.36851117138947,43.96607347954982,5.609439225683736,0.09322033898305317
FETUSDTUSDT,0.3029514,0.2985607253598,2025-11-18 15:45:00,2025-11-18 15:48:00,-2.805875971977816,Stop Loss,0 days 00:03:00,79.06944763580701,22.171761007687632,3.8519544462588753,0.14084507042253544
FETUSDTUSDT,0.3173586,0.31815152046209993,2025-11-18 17:00:00,2025-11-18 17:04:00,0.34590151524672885,Trailing Stop,0 days 00:04:00,81.1858849534438,32.063455483323494,3.5045221928956525,0.11764705882353294
WLFIUSDTUSDT,0.14557274999999997,0.14346296413425,2025-11-18 16:45:00,2025-11-18 17:28:00,-2.5954948498410326,Stop Loss,0 days 00:43:00,77.03672902270682,22.38387785264,4.013602497720547,0.0
HUMAUSDTUSDT,0.025569778499999998,0.025633664591582245,2025-11-18 18:00:00,2025-11-18 18:00:00,0.323419210297416,Trailing Stop,0 days 00:00:00,75.53560761829246,21.448288602086787,6.89807776369804,0.15141242937852956
BASUSDTUSDT,0.0063431699999999995,0.0062512384371900005,2025-11-18 19:00:00,2025-11-18 19:21:00,-2.45078811991829,Stop Loss,0 days 00:21:00,62.612212696733,17.315399555343156,3.7669233857945836,0.2499999999999964
TURBOUSDTUSDT,0.001812906,0.001839179540205,2025-11-18 19:15:00,2025-11-18 19:15:00,2.28705083130159,Trailing Stop,0 days 00:00:00,85.80129145816232,38.36432390516152,8.284906172845169,0.06045081967212985
TURBOUSDTUSDT,0.0019451721,0.0019500321124918498,2025-11-18 20:30:00,2025-11-18 20:30:00,0.3249650010641043,Trailing Stop,0 days 00:00:00,87.47820570531354,30.27191776380897,8.99259102476919,0.08055853920515475
ZKUSDTUSDT,0.048964469999999996,0.04908680772829499,2025-11-19 04:45:00,2025-11-19 04:45:00,0.3281939357745457,Trailing Stop,0 days 00:00:00,74.6738613372567,23.340379865619692,7.436779351475222,0.13013698630137205
APRUSDTUSDT,0.30266125499999996,0.298274785431285,2025-11-19 05:15:00,2025-11-19 05:32:00,-2.4869697693152983,Stop Loss,0 days 00:17:00,69.79698091534404,49.30178304412369,3.9451752020453488,0.19881889763779845
APRUSDTUSDT,0.31736860499999997,0.31943039014238245,2025-11-19 06:15:00,2025-11-19 06:17:00,0.9200388021303176,Trailing Stop,0 days 00:02:00,79.48243874535737,54.209409786621165,8.281006299603101,0.27469135802469336
BATUSDTUSDT,0.17998994999999998,0.180439654890075,2025-11-19 06:45:00,2025-11-19 06:46:00,0.3157752808613955,Trailing Stop,0 days 00:01:00,68.40587382302782,18.159211461041444,7.101740455862118,0.2142857142857157
APRUSDTUSDT,0.32230106999999997,0.32278419930393,2025-11-19 07:00:00,2025-11-19 07:03:00,0.1593965935695154,Stop Loss,0 days 00:03:00,84.02118156050652,63.62774409794589,3.8160558616660123,0.11221590909091107
APRUSDTUSDT,0.3319659,0.33279531680115,2025-11-19 07:30:00,2025-11-19 07:30:00,0.3204887333650692,Trailing Stop,0 days 00:00:00,86.82534858845032,64.36477471286662,5.055439100908571,0.15958549222798368
SQDUSDTUSDT,0.061860915,0.060964364758905,2025-11-19 07:45:00,2025-11-19 08:00:00,-2.428581714662034,Stop Loss,0 days 00:15:00,73.26503684351108,16.470966263249657,4.527546937876035,0.08510638297872364
TNSRUSDTUSDT,0.05164580999999999,0.050897307275669997,2025-11-19 12:45:00,2025-11-19 12:45:00,-2.2464896509236265,Stop Loss,0 days 00:00:00,86.23190654397092,40.68389790706208,21.668678443165753,0.07131537242472247
SAGAUSDTUSDT,0.08534264999999999,0.08589707852572498,2025-11-19 13:00:00,2025-11-19 13:01:00,0.8310746969807083,Trailing Stop,0 days 00:01:00,72.74789716726369,22.770029023920323,5.176073802183699,0.15384615384615877
AIAUSDTUSDT,0.69644805,0.7065413233646249,2025-11-19 13:30:00,2025-11-19 13:30:00,1.997329902109877,Trailing Stop,0 days 00:00:00,73.36824629775855,27.959858556788202,4.320155812881254,0.08803986710963403
FETUSDTUSDT,0.32746364999999994,0.32828181792952493,2025-11-19 22:00:00,2025-11-19 22:00:00,0.3051726441011122,Trailing Stop,0 days 00:00:00,76.98843284169995,23.68061477992885,3.601712629193358,0.2800000000000059
KITEUSDTUSDT,0.092536245,0.0931374067156425,2025-11-19 22:30:00,2025-11-19 22:30:00,0.9248461455088071,Trailing Stop,0 days 00:00:00,73.80983980817213,22.329270575309188,4.452147338906265,0.23964497041419805
TRUTHUSDTUSDT,0.0373556685,0.03744900163774725,2025-11-20 06:00:00,2025-11-20 06:11:00,0.3174252549733853,Trailing Stop,0 days 00:11:00,78.27705285621252,35.682809453998445,3.5131044853605466,0.25024826216484114
TNSRUSDTUSDT,0.13532762999999998,0.13336632665841,2025-11-20 06:30:00,2025-11-20 06:30:00,-2.405367458337914,Stop Loss,0 days 00:00:00,89.32963851164207,37.48292350315087,3.734114714294397,0.0032068412613570603
SAGAUSDTUSDT,0.09384689999999998,0.09408137647964997,2025-11-20 07:00:00,2025-11-20 07:00:00,0.2965426340888271,Trailing Stop,0 days 00:00:00,78.19407123673238,45.28638803271229,6.198548992174833,0.027027027027027837
ALCHUSDTUSDT,0.193326615,0.19361641159588502,2025-11-20 07:45:00,2025-11-20 07:46:00,0.14968836570410432,Stop Loss,0 days 00:01:00,86.27580261922917,77.44978627574025,3.770692401487998,0.2638522427440625
TRUTHUSDTUSDT,0.039615797999999994,0.03971477807130299,2025-11-20 08:30:00,2025-11-20 08:34:00,0.3009690084943369,Trailing Stop,0 days 00:04:00,81.26611787717722,51.3637813845553,4.54586234130085,0.016352824578790053
WLDUSDTUSDT,0.7061529,0.6959186260203,2025-11-20 09:45:00,2025-11-20 09:50:00,-2.2806662282157184,Stop Loss,0 days 00:05:00,88.45725590801696,60.20661193872501,4.804128099926866,0.2718446601941778
FETUSDTUSDT,0.34147065,0.33652171586955,2025-11-20 11:15:00,2025-11-20 11:15:00,-2.1096646853452294,Stop Loss,0 days 00:00:00,73.3553433392515,17.85464164821831,3.9494906698101775,0.04385964912280719
BEATUSDTUSDT,0.577518615,0.6020507394872775,2025-11-20 12:15:00,2025-11-20 12:15:00,5.463785945860422,Trailing Stop,0 days 00:00:00,79.3675471116398,37.39680621653971,4.56713378823909,0.2919360326641685
MEMEUSDTUSDT,0.0014777384999999999,0.0014814306296422497,2025-11-20 12:45:00,2025-11-20 12:47:00,0.3146370464846683,Trailing Stop,0 days 00:02:00,80.01875079179392,29.372458125141637,3.7779810654120904,0.06666666666666088
USUALUSDTUSDT,0.02999499,0.030069932482515,2025-11-20 13:00:00,2025-11-20 13:01:00,0.3177633600177139,Trailing Stop,0 days 00:01:00,86.2834790775845,33.74471940213543,5.532551855866619,0.10280373831775592
PORT3USDTUSDT,0.040490235,0.0405913998521475,2025-11-21 05:15:00,2025-11-21 05:16:00,0.32092073739529065,Trailing Stop,0 days 00:01:00,69.10502648684246,28.362226550847065,7.732764135394403,0.07239819004524894
MMTUSDTUSDT,0.3249624,0.3413647146588,2025-11-21 14:15:00,2025-11-21 14:15:00,8.10565720889139,Trailing Stop,0 days 00:00:00,87.67847703823062,43.72485534413313,5.954287670246057,0.17288135593220522
ARCUSDTUSDT,0.0298149,0.029889392527649997,2025-11-21 19:15:00,2025-11-21 19:16:00,0.4050384314998261,Trailing Stop,0 days 00:01:00,66.7911497530146,14.706411689339527,3.973608294562505,0.13636363636363888
KITEUSDTUSDT,0.10935464999999998,0.10776977305754999,2025-11-22 06:00:00,2025-11-22 06:01:00,-3.069277718899997,Stop Loss,0 days 00:01:00,71.29212288071778,32.32503883908406,5.948149822680103,0.21880341880341908
HEMIUSDTUSDT,0.0212106,0.0209031947742,2025-11-22 11:45:00,2025-11-22 11:48:00,-2.8391470584216827,Stop Loss,0 days 00:03:00,70.51973577427607,15.987828281196714,5.130943938348304,0.20895522388059873
ARCUSDTUSDT,0.038739359999999994,0.03883615029095999,2025-11-22 12:30:00,2025-11-22 12:30:00,0.3500205942969397,Trailing Stop,0 days 00:00:00,77.22534356071034,49.623264615691824,4.767580596130087,0.027210884353740278
ARCUSDTUSDT,0.039599789999999996,0.039698730075315,2025-11-22 12:45:00,2025-11-22 12:45:00,0.3534984877396199,Trailing Stop,0 days 00:00:00,79.9933132910902,45.0571347758547,4.327871918963093,0.1785714285714336
AIAUSDTUSDT,0.6501249,0.6407026398243,2025-11-22 13:00:00,2025-11-22 13:00:00,-2.678721197063678,Stop Loss,0 days 00:00:00,86.5607889582806,21.718986149432332,13.155542605115162,0.10793131643499576
LAYERUSDTUSDT,0.2817408,0.2959615260096,2025-11-22 13:30:00,2025-11-22 13:30:00,8.259042740148496,Trailing Stop,0 days 00:00:00,75.12524836523025,54.42127770978975,4.430502050224996,0.1477663230240539
LAYERUSDTUSDT,0.3139569,0.3094067226483,2025-11-22 14:00:00,2025-11-22 14:00:00,-3.096589982781694,Stop Loss,0 days 00:00:00,81.30089865500317,56.154710986137694,4.432310960814791,0.031152647975077948
COAIUSDTUSDT,0.6873435,0.6773818306545,2025-11-22 14:30:00,2025-11-22 14:30:00,-2.864411482419889,Stop Loss,0 days 00:00:00,76.42598802963506,18.962688067195277,13.897575006856322,0.11506276150627623
PIPPINUSDTUSDT,0.024132059999999997,0.024192353951909995,2025-11-22 14:45:00,2025-11-22 14:45:00,0.3531352863225505,Trailing Stop,0 days 00:00:00,85.42159662668723,35.89124042794429,7.680835047983206,0.2637362637362603
PIPPINUSDTUSDT,0.029224604999999997,0.028801052799734998,2025-11-22 20:15:00,2025-11-22 20:15:00,-2.6759689495481043,Stop Loss,0 days 00:00:00,85.67345433358271,21.536422861723928,4.417038229175208,0.12355212355212394
PIPPINUSDTUSDT,0.031345664999999995,0.03179994205001249,2025-11-22 20:30:00,2025-11-22 20:30:00,2.3100667934291406,Trailing Stop,0 days 00:00:00,89.8580947765421,26.37774558781424,5.780280633388717,0.08018867924528478
STABLEUSDTUSDT,0.029664825,0.029234892691275,2025-11-22 21:30:00,2025-11-22 21:31:00,-2.6482947871122375,Stop Loss,0 days 00:01:00,71.90721557553907,19.557160168414306,4.704468817452774,0.12592592592592589
SQDUSDTUSDT,0.054477225,0.0550489362377625,2025-11-22 22:45:00,2025-11-22 22:45:00,1.6329483352954193,Trailing Stop,0 days 00:00:00,86.98409233053142,32.856015840772685,7.569456100760302,0.054711246200607765
SQDUSDTUSDT,0.054817395,0.054954356261407496,2025-11-22 23:00:00,2025-11-22 23:00:00,0.34278232929757885,Trailing Stop,0 days 00:00:00,83.82025670773795,29.567790096676305,12.751585142434177,0.21787709497206786
BATUSDTUSDT,0.196098,0.196587950853,2025-11-23 04:45:00,2025-11-23 05:03:00,0.3461883015024964,Trailing Stop,0 days 00:18:00,58.80017148325093,15.06174862419613,4.160090190557767,0.06666666666666389
HUMAUSDTUSDT,0.025991989499999996,0.026056930485765743,2025-11-23 05:15:00,2025-11-23 05:21:00,0.3496281163114877,Trailing Stop,0 days 00:06:00,82.60444881506791,36.89962132544724,4.916641699012403,0.05291970802919937
PIPPINUSDTUSDT,0.05368683,0.057899125525215,2025-11-23 05:30:00,2025-11-23 05:30:00,13.776019241491605,Trailing Stop,0 days 00:00:00,75.1566488909034,43.84490157641422,3.625283650613101,0.20861900097943184
HUMAUSDTUSDT,0.027505745999999998,0.027574469106380995,2025-11-23 06:45:00,2025-11-23 06:45:00,0.49065527869821374,Trailing Stop,0 days 00:00:00,89.93633928763178,52.301436740026766,6.24386363479019,0.05782312925170361
AWEUSDTUSDT,0.05550774,0.05875330531167,2025-11-23 08:45:00,2025-11-23 08:45:00,14.375594563673282,Trailing Stop,0 days 00:00:00,87.51861934456736,31.200594721247093,60.41464255178191,0.040387722132471805
SKYAIUSDTUSDT,0.024222104999999997,0.024766823808292496,2025-11-23 09:45:00,2025-11-23 09:49:00,7.032104228380522,Trailing Stop,0 days 00:04:00,72.28782329473056,16.99988759641393,8.691961038646001,0.14999999999999972
SKYAIUSDTUSDT,0.025262625,0.024896493775875002,2025-11-23 10:00:00,2025-11-23 10:00:00,-5.3216871374979196,Stop Loss,0 days 00:00:00,78.75056179961551,21.906402641343814,15.276232388980416,0.25153374233128667
TNSRUSDTUSDT,0.12847420499999998,0.13495887626027248,2025-11-23 10:15:00,2025-11-23 10:15:00,16.407844745646845,Trailing Stop,0 days 00:00:00,83.38123846885851,35.860176084034165,4.115673921390288,0.24838362068965525
TNSRUSDTUSDT,0.14809401,0.153200661699825,2025-11-23 11:00:00,2025-11-23 11:00:00,13.943181214461998,Trailing Stop,0 days 00:00:00,85.16375911905851,32.46991889606209,4.426716576931338,0.23394683026584753
1000BONKUSDTUSDT,0.0090455205,0.00906812073296925,2025-11-23 15:45:00,2025-11-23 15:54:00,0.9590966037689421,Trailing Stop,0 days 00:09:00,64.7609548578238,11.786720291275204,7.41884794558175,0.15028901734103925
1000BONKUSDTUSDT,0.009079537499999998,0.008947947763012498,2025-11-23 16:00:00,2025-11-23 17:00:00,-7.267788948619223,Stop Loss,0 days 01:00:00,62.449202287417116,15.699744952730027,5.070404905576023,0.2692307692307612
PARTIUSDTUSDT,0.09283639499999999,0.09715110571221748,2025-11-23 19:00:00,2025-11-23 19:00:00,20.615400053655858,Trailing Stop,0 days 00:00:00,78.01935851503512,59.788430410751126,3.569485014276976,0.06220095693779812
PLUMEUSDTUSDT,0.025582784999999997,0.026464943383762495,2025-11-23 22:45:00,2025-11-23 22:48:00,18.737656977496417,Trailing Stop,0 days 00:03:00,80.80176730349778,30.790037076159916,9.617238863546259,0.11224489795918638
TURBOUSDTUSDT,0.00147843885,0.00145701183574695,2025-11-24 04:15:00,2025-11-24 04:17:00,-9.670785648075258,Stop Loss,0 days 00:02:00,80.05114737099802,41.54428413444036,4.211314002405608,0.18060200668896384
BATUSDTUSDT,0.19739864999999998,0.19947025013242498,2025-11-24 04:30:00,2025-11-24 04:31:00,5.9630421061407075,Trailing Stop,0 days 00:01:00,68.68646619692545,20.87980518494448,4.574796195585816,0.0
BANANAS31USDTUSDT,0.0038069024999999998,0.0037517290620675,2025-11-24 06:30:00,2025-11-24 06:30:00,-9.39203817088659,Stop Loss,0 days 00:00:00,75.27760812322323,33.82674016753929,4.1949234285082415,0.12535211267605653
HUMAUSDTUSDT,0.026884435499999998,0.0264947993762985,2025-11-24 07:45:00,2025-11-24 08:40:00,-8.687834724520595,Stop Loss,0 days 00:55:00,72.16504829007921,15.999044773791526,3.692756491260907,0.08924485125858318
RVVUSDTUSDT,0.0043631805,0.00440896989775725,2025-11-24 09:15:00,2025-11-24 09:15:00,5.356950940570023,Trailing Stop,0 days 00:00:00,71.65259639374653,15.037950908831439,11.325490546411562,0.2605633802816946
RVVUSDTUSDT,0.004448223,0.0044593368851655,2025-11-24 09:30:00,2025-11-24 09:30:00,1.1245108504974772,Trailing Stop,0 days 00:00:00,74.53119965056763,21.348992194002488,11.795246544171453,0.1615720524017454
BOBUSDTUSDT,0.024267127499999996,0.023915424021142495,2025-11-24 13:30:00,2025-11-24 13:30:00,-8.52125583568144,Stop Loss,0 days 00:00:00,76.39803449956469,36.16470451602675,5.085271553265719,0.05590986394557805
XPINUSDTUSDT,0.0021180584999999997,0.00224190243952425,2025-11-24 13:45:00,2025-11-24 13:45:00,30.476472072044327,Trailing Stop,0 days 00:00:00,85.39446270933402,20.943602757731647,9.267414287389728,0.18000000000000252
XPINUSDTUSDT,0.0022611299999999997,0.0022667794333049995,2025-11-24 15:00:00,2025-11-24 15:00:00,1.354825325307849,Trailing Stop,0 days 00:00:00,87.11562572550868,33.1493082792385,4.531415104533474,0.01470588235293991
AKEUSDTUSDT,0.00037888935,0.000388924802768775,2025-11-24 16:15:00,2025-11-24 16:15:00,17.793897488675647,Trailing Stop,0 days 00:00:00,77.6887874270825,30.066045777881925,4.156513737755935,0.03913043478260971
USUALUSDTUSDT,0.030195089999999997,0.02975747256063,2025-11-24 17:00:00,2025-11-24 17:00:00,-11.59870158247036,Stop Loss,0 days 00:00:00,85.3828887286501,27.42157351422143,11.16133125673041,0.09221902017291098
KASUSDTUSDT,0.04220109,0.042306529423365,2025-11-24 16:45:00,2025-11-24 17:25:00,1.5459131746898245,Trailing Stop,0 days 00:40:00,71.70098830388766,17.845850279284146,4.072859465817296,0.014285714285718676
XRPUSDTUSDT,2.1676832999999998,2.1730992567250493,2025-11-24 17:30:00,2025-11-24 17:34:00,1.445368891301812,Trailing Stop,0 days 00:04:00,76.50905627199876,14.028737916070739,3.7311239614788283,0.04444444444444883
SUIUSDTUSDT,1.5047519999999999,1.5205436198639997,2025-11-24 18:00:00,2025-11-24 18:07:00,7.300844095652566,Trailing Stop,0 days 00:07:00,78.7558090901836,22.20447906864982,3.7834308927048097,0.15843621399177044
TURTLEUSDTUSDT,0.08244119999999999,0.08264717933819998,2025-11-24 20:30:00,2025-11-24 20:31:00,1.5325655385744068,Trailing Stop,0 days 00:01:00,65.17677935550184,35.99399010067501,6.681630653988548,0.16666666666667052
1000BONKUSDTUSDT,0.0102081015,0.0100601554849605,2025-11-24 21:15:00,2025-11-24 21:17:00,-11.613389976063633,Stop Loss,0 days 00:02:00,84.8815209264802,53.042091590941276,4.818975626698885,0.29787234042553623
ARCUSDTUSDT,0.037128554999999994,0.03766664058333749,2025-11-25 04:30:00,2025-11-25 04:30:00,10.025417726680951,Trailing Stop,0 days 00:00:00,78.06605746966197,55.64685827356504,3.5684316435292245,0.15671641791044985
COAIUSDTUSDT,0.6032014499999999,0.6047085488228249,2025-11-25 04:45:00,2025-11-25 04:45:00,1.5317866280565056,Trailing Stop,0 days 00:00:00,80.52557345254702,38.70444196425796,5.235268813309882,0.16417910447761036
KASUSDTUSDT,0.048034005,0.0481540179614925,2025-11-25 05:30:00,2025-11-25 05:42:00,1.5470068486837736,Stop Loss,0 days 00:12:00,83.59267218593165,56.019976719665856,3.7002130235184016,0.07462686567164427
HEMIUSDTUSDT,0.02511255,0.026179293455175,2025-11-25 06:45:00,2025-11-25 06:45:00,32.82167438273292,Trailing Stop,0 days 00:00:00,85.89645614537136,52.29752908858931,9.240163048099959,0.19337016574585625
COAIUSDTUSDT,0.6513255,0.6581608354597499,2025-11-25 08:30:00,2025-11-25 08:30:00,9.453166811135393,Trailing Stop,0 days 00:00:00,80.27966170875943,50.22642477774162,4.5155994864514915,0.06734693877550953
COAIUSDTUSDT,0.672336,0.679391830152,2025-11-25 08:45:00,2025-11-25 08:45:00,9.924844515616622,Trailing Stop,0 days 00:00:00,81.04998167941434,38.54475117610663,5.384197684830746,0.047619047619047616
FARTCOINUSDTUSDT,0.2783391,0.28014732996314995,2025-11-25 09:45:00,2025-11-25 09:57:00,6.25172147142226,Trailing Stop,0 days 00:12:00,56.79024496210934,31.736019941999075,4.352338237468233,0.20930232558139955
ARCUSDTUSDT,0.04694346,0.04626310843422,2025-11-25 10:00:00,2025-11-25 10:02:00,-16.099693156207465,Stop Loss,0 days 00:02:00,87.10300117388,70.8678954964427,3.6999937422309466,0.24324324324324198
MONUSDTUSDT,0.036908445,0.036373530906615,2025-11-25 10:45:00,2025-11-25 10:46:00,-14.892558006226764,Stop Loss,0 days 00:01:00,72.35490645701888,15.460616876593189,5.06896172425974,0.10116731517509574
FARTCOINUSDTUSDT,0.29824904999999996,0.29899422525142494,2025-11-25 11:30:00,2025-11-25 11:31:00,1.8360098637648163,Trailing Stop,0 days 00:01:00,75.1437538773308,29.179854521719303,3.6622694357628465,0.14634146341463083
ARCUSDTUSDT,0.052996485,0.052228406942895,2025-11-25 12:15:00,2025-11-25 12:15:00,-13.912813521589296,Stop Loss,0 days 00:00:00,80.3362483795094,59.572650055232806,3.8701455427137192,0.2928416485900228
XPLUSDTUSDT,0.21330659999999999,0.21021514744619998,2025-11-25 12:30:00,2025-11-25 12:35:00,-12.869647911283204,Stop Loss,0 days 00:05:00,81.071974248326,30.1401345296224,3.9249488441416664,0.16216216216215892
USELESSUSDTUSDT,0.1212606,0.1195031701242,2025-11-25 13:00:00,2025-11-25 13:00:00,-11.904697572736188,Stop Loss,0 days 00:00:00,71.34385781084357,30.323915943842366,4.062936605403096,0.06756756756756772
BATUSDTUSDT,0.21840914999999997,0.21895484526127498,2025-11-25 15:00:00,2025-11-25 15:00:00,1.4676553322500743,Trailing Stop,0 days 00:00:00,70.70663447362551,25.541544084022046,4.2150058998981335,0.26923076923075895
TNSRUSDTUSDT,0.17446719,0.179088215227935,2025-11-25 15:30:00,2025-11-25 15:30:00,19.27577529216215,Trailing Stop,0 days 00:00:00,76.0981550109017,16.893652945790436,7.389441073742814,0.15044247787610554
SQDUSDTUSDT,0.05478738,0.05514330621417,2025-11-25 20:30:00,2025-11-25 20:31:00,5.0252283006883856,Trailing Stop,0 days 00:01:00,75.0094637044431,30.529713616059123,6.8395279036000325,0.2928571428571422
SQDUSDTUSDT,0.056878424999999996,0.056054085986474995,2025-11-25 20:45:00,2025-11-25 20:45:00,-12.941176930354223,Stop Loss,0 days 00:00:00,86.96934516962791,38.263838447657186,8.890032040637372,0.0239234449760773
USUALUSDTUSDT,0.03695847,0.036422830894290006,2025-11-25 21:00:00,2025-11-25 21:00:00,-11.970863434116682,Stop Loss,0 days 00:00:00,84.91025401435392,31.54699381258713,8.667942647947225,0.10843373493975891
WLFIUSDTUSDT,0.1602801,0.16068055982985,2025-11-25 22:15:00,2025-11-25 22:24:00,1.4758125053889528,Trailing Stop,0 days 00:09:00,65.2045049033439,14.23380131144592,6.785019370654425,0.1842105263157912
WLFIUSDTUSDT,0.1618809,0.16228535942865,2025-11-25 22:30:00,2025-11-25 22:30:00,1.4904765529299857,Trailing Stop,0 days 00:00:00,65.3512891249799,14.093704838603873,3.8998342499775167,0.11111111111111453
ACHUSDTUSDT,0.010133063999999999,0.010158381460403999,2025-11-26 05:15:00,2025-11-26 05:17:00,1.5052863061683253,Trailing Stop,0 days 00:02:00,70.72558928126172,20.6884397783573,3.5691803700516425,0.2956521739130361
ACHUSDTUSDT,0.010266130499999998,0.010291780427054248,2025-11-26 06:15:00,2025-11-26 06:19:00,1.5202432128728252,Trailing Stop,0 days 00:04:00,75.06210595104403,28.79109763622052,3.631165827119233,0.24418604651162967
ACHUSDTUSDT,0.0103541745,0.0102041114489715,2025-11-26 06:30:00,2025-11-26 06:44:00,-11.520014541092763,Stop Loss,0 days 00:14:00,78.76263696890166,31.538973828106997,6.7861881068402194,0.0
RVVUSDTUSDT,0.006271133999999999,0.006311874422030999,2025-11-26 07:30:00,2025-11-26 07:30:00,4.261756821366112,Trailing Stop,0 days 00:00:00,76.04361262482496,52.61664542065728,12.787809952656344,0.12261580381471358
RVVUSDTUSDT,0.00642321,0.0063301184174700004,2025-11-26 08:15:00,2025-11-26 08:15:00,-10.975053422326777,Stop Loss,0 days 00:00:00,74.22621683392092,33.30329499789563,4.737884745403503,0.028571428571428217
RVVUSDTUSDT,0.00670335,0.006746898313275,2025-11-26 08:30:00,2025-11-26 08:30:00,4.060151887883118,Trailing Stop,0 days 00:00:00,77.96116570318904,35.539329216604486,6.678368618100028,0.24372759856630663
RVVUSDTUSDT,0.007271634,0.007166246208438001,2025-11-26 09:00:00,2025-11-26 09:00:00,-10.455872012423706,Stop Loss,0 days 00:00:00,79.83129964896648,58.56184983441143,6.393028072151168,0.15008726003490433
RVVUSDTUSDT,0.0081410685,0.00835669691082525,2025-11-26 09:30:00,2025-11-26 09:30:00,16.763310291623664,Trailing Stop,0 days 00:00:00,84.43773410531641,60.93246273652348,7.592456638711747,0.11907514450867136
KASUSDTUSDT,0.05256627,0.052697606825594996,2025-11-26 12:00:00,2025-11-26 12:03:00,1.4563769543870801,Trailing Stop,0 days 00:03:00,72.21046575727306,18.156396007522023,5.515947733535716,0.1964285714285695
SOLVUSDTUSDT,0.017558775,0.017672845581787496,2025-11-26 12:45:00,2025-11-26 12:47:00,4.4136479422659916,Trailing Stop,0 days 00:02:00,75.67248518873815,29.16563712513965,4.104207534544274,0.28571428571429636
BANANAS31USDTUSDT,0.004446222,0.004381782904554,2025-11-26 13:15:00,2025-11-26 13:15:00,-11.366209754357763,Stop Loss,0 days 00:00:00,85.6810732349905,49.37464203302863,11.425729242877999,0.17427385892116343
BANANAS31USDTUSDT,0.0045632805,0.004497144875713501,2025-11-26 13:30:00,2025-11-26 13:31:00,-10.513985355829528,Stop Loss,0 days 00:01:00,79.7945790133492,41.57681119158821,11.238665238553956,0.1855955678670341
AKEUSDTUSDT,0.0003975987,0.00040177129955714996,2025-11-26 14:00:00,2025-11-26 14:00:00,6.482962156506519,Trailing Stop,0 days 00:00:00,84.96858057875167,17.9748845088131,8.696988697420819,0.11586901763224193
STRKUSDTUSDT,0.1490745,0.14944696263825,2025-11-26 14:15:00,2025-11-26 14:16:00,1.360878859865084,Trailing Stop,0 days 00:01:00,70.40500118549615,14.714002267715312,3.91804587257126,0.05263157894736996
BATUSDTUSDT,0.22481235,0.22537404365647498,2025-11-26 14:30:00,2025-11-26 14:30:00,1.3744008975396835,Trailing Stop,0 days 00:00:00,76.09113694298907,20.990659684914142,5.6927316134547805,0.19999999999999798
KASUSDTUSDT,0.053896935,0.054031596492097496,2025-11-26 17:45:00,2025-11-26 17:47:00,1.3880572936118507,Trailing Stop,0 days 00:02:00,70.9337189032578,29.356031812179967,3.514355048691651,0.09589041095890521
WIFUSDTUSDT,0.39139559999999995,0.3857231035692,2025-11-26 18:30:00,2025-11-26 18:37:00,-10.518343427471546,Stop Loss,0 days 00:07:00,79.59704631432636,26.635448767295124,5.418427408278692,0.10084033613445696
PTBUSDTUSDT,0.008334165,0.008346657913335,2025-11-26 18:45:00,2025-11-26 19:22:00,0.6481268297074565,Stop Loss,0 days 00:37:00,63.09423780760678,12.97593775777668,4.067052797663293,0.1764705882352869
FARTCOINUSDTUSDT,0.3765882,0.3711303072174,2025-11-26 21:45:00,2025-11-26 21:45:00,-9.777767861121655,Stop Loss,0 days 00:00:00,88.66066137057315,30.00380762047564,4.4642890536337365,0.019830028328611287
SQDUSDTUSDT,0.060220094999999994,0.060370554907357495,2025-11-27 04:15:00,2025-11-27 04:15:00,1.2054395377286158,Trailing Stop,0 days 00:00:00,65.46879086943738,27.447098635441282,3.5121701001532624,0.0617283950617303
TRUTHUSDTUSDT,0.0272886375,0.027356818160793748,2025-11-27 05:00:00,2025-11-27 05:07:00,1.217417090855703,Trailing Stop,0 days 00:07:00,67.90545228813278,28.48074374093156,3.7036122378284584,0.18381344307270042
YALAUSDTUSDT,0.037348665,0.0377406205648425,2025-11-27 05:30:00,2025-11-27 05:31:00,6.149414473501425,Trailing Stop,0 days 00:01:00,71.03756312216917,36.72431031401631,5.378819619648493,0.1472868217054231
SQDUSDTUSDT,0.06321159,0.06387496403125499,2025-11-27 05:45:00,2025-11-27 05:45:00,6.456247279979272,Trailing Stop,0 days 00:00:00,75.26205058899971,30.866831952267006,10.30197070693093,0.2588235294117618
ARCUSDTUSDT,0.040150065,0.039568170107955,2025-11-27 06:00:00,2025-11-27 06:00:00,-10.168856737034421,Stop Loss,0 days 00:00:00,68.10889361257695,27.71259797732708,3.6756882732587672,0.14388489208632982
YALAUSDTUSDT,0.042471225,0.0425773393556625,2025-11-27 06:15:00,2025-11-27 06:15:00,1.253654426902365,Trailing Stop,0 days 00:00:00,84.87036758747483,44.31223615480849,5.508329660630058,0.22580645161290033
METUSDTUSDT,0.37108545,0.3734962066259249,2025-11-27 06:45:00,2025-11-27 06:46:00,3.799283739654475,Trailing Stop,0 days 00:01:00,85.64659135714291,30.453953271525677,3.569972733157802,0.0689655172413765
XPLUSDTUSDT,0.2233116,0.2200751449812,2025-11-27 07:00:00,2025-11-27 07:11:00,-9.784073507019059,Stop Loss,0 days 00:11:00,63.30830799072707,25.028376572551004,3.759871983304201,0.23170731707316855
TRUSTUSDTUSDT,0.19859925,0.19572095106975002,2025-11-27 07:45:00,2025-11-27 07:45:00,-9.050475734333368,Stop Loss,0 days 00:00:00,85.59019886607558,32.34664243678841,6.601746032778072,0.2771739130434779
METUSDTUSDT,0.39209595,0.38641330339665003,2025-11-27 08:00:00,2025-11-27 08:00:00,-8.371882218484421,Stop Loss,0 days 00:00:00,85.87750148283658,34.503773200556864,4.569121279541133,0.2451612903225785
TRUTHUSDTUSDT,0.0292316085,0.0288079547980095,2025-11-27 09:30:00,2025-11-27 09:30:00,-7.7441688080873,Stop Loss,0 days 00:00:00,76.25883505083578,34.116528990045296,5.304741568839178,0.09975186104218355
PTBUSDTUSDT,0.009454724999999999,0.009317697670575,2025-11-27 12:15:00,2025-11-27 12:15:00,-7.1635205755449265,Stop Loss,0 days 00:00:00,86.34693110766554,17.320251542388387,25.581277217041016,0.0353982300884957
HUSDTUSDT,0.13552772999999999,0.13640818589794498,2025-11-27 13:15:00,2025-11-27 13:15:00,2.650099317924088,Trailing Stop,0 days 00:00:00,59.25860773446321,14.883383089348769,4.896737930843621,0.21766561514196486
HUSDTUSDT,0.13968981,0.13766528558367,2025-11-27 13:30:00,2025-11-27 13:30:00,-6.824645987042768,Stop Loss,0 days 00:00:00,69.89110301867306,21.538241675162986,15.475175876568262,0.07692307692308052
TURBOUSDTUSDT,0.0016372182,0.0016413087896727,2025-11-27 13:45:00,2025-11-27 14:06:00,0.8413677048412284,Trailing Stop,0 days 00:21:00,68.5550864912313,20.072511127623955,5.235303522973418,0.0037174721189612053
TURBOUSDTUSDT,0.0016629310499999999,0.0016737342815663248,2025-11-27 14:15:00,2025-11-27 14:18:00,2.549821203895923,Trailing Stop,0 days 00:03:00,76.0594443400232,24.18376428450582,7.448319137891538,0.09056603773585184
TURBOUSDTUSDT,0.0016800396,0.0016909539772613999,2025-11-27 14:30:00,2025-11-27 14:30:00,2.6261023147979223,Trailing Stop,0 days 00:00:00,79.37035604662111,26.731913136702392,5.126220934012038,0.11797752808988066
TURBOUSDTUSDT,0.0017070530999999999,0.0017317925670517498,2025-11-27 14:45:00,2025-11-27 14:45:00,6.311337234067545,Trailing Stop,0 days 00:00:00,83.35173433472939,29.537179034225023,9.304860777951664,0.10622710622711137
YALAUSDTUSDT,0.046533255,0.0470215982445975,2025-11-27 15:00:00,2025-11-27 15:00:00,4.823003666649762,Trailing Stop,0 days 00:00:00,68.96351947470556,30.808728788075445,5.474511030330632,0.2974358974358995
SQDUSDTUSDT,0.07687842,0.07860730034817,2025-11-27 15:30:00,2025-11-27 15:30:00,11.140493832324657,Trailing Stop,0 days 00:00:00,85.84764457555873,48.08369502869952,28.27456795495826,0.015609756097560325
TURBOUSDTUSDT,0.0018319154999999999,0.0018053655486584999,2025-11-27 16:00:00,2025-11-27 16:01:00,-8.430794084875329,Stop Loss,0 days 00:01:00,87.37721365756084,43.598040660209065,6.554220970426221,0.028548770816812778
PUMPUSDTUSDT,0.0030365174999999996,0.0029925092518724994,2025-11-27 16:15:00,2025-11-27 16:29:00,-7.798663535345123,Stop Loss,0 days 00:14:00,77.77385686733608,24.044987974274676,4.472547220137583,0.09090909090909521
AWEUSDTUSDT,0.057098535,0.05815431546141749,2025-11-27 17:00:00,2025-11-27 17:00:00,8.655921204527376,Trailing Stop,0 days 00:00:00,79.86840365522148,47.35842309430644,6.87686582647324,0.2964285714285701
STABLEUSDTUSDT,0.03779889,0.037855550536110005,2025-11-27 17:30:00,2025-11-27 17:33:00,0.5237235045648623,Stop Loss,0 days 00:03:00,75.949280009679,34.71974727069551,3.5718655868478995,0.07346938775510185
NEIROUSDTUSDT,0.00013736865,0.00013771186557202497,2025-11-27 17:45:00,2025-11-27 17:45:00,1.053018002786126,Trailing Stop,0 days 00:00:00,81.25075607420415,38.315864628377376,4.183838868351043,0.2727272727272671
TURBOUSDTUSDT,0.0019373682,0.0019092899226774,2025-11-27 18:00:00,2025-11-27 18:00:00,-7.979501307035092,Stop Loss,0 days 00:00:00,78.77336831234305,55.925547689201736,3.9188438829446475,0.16984402079722757
AIXBTUSDTUSDT,0.04984491,0.049969447507635,2025-11-27 19:15:00,2025-11-27 19:16:00,0.9837425579618544,Trailing Stop,0 days 00:01:00,82.64831728922269,25.739215570640404,7.898943982204586,0.03205128205128299
MEMEUSDTUSDT,0.0014197094999999999,0.0014913686271577499,2025-11-27 21:30:00,2025-11-27 21:30:00,24.84688282021224,Trailing Stop,0 days 00:00:00,85.14821002557514,39.61609524868805,10.498896733190891,0.0
VIRTUALUSDTUSDT,1.0396195499999998,1.042217039445675,2025-11-27 21:45:00,2025-11-27 21:47:00,1.241594874517972,Trailing Stop,0 days 00:02:00,74.75607389378452,24.231734488371956,4.783620048400367,0.05714285714286167
CKBUSDTUSDT,0.0027973979999999996,0.0027568553107859997,2025-11-27 22:30:00,2025-11-27 22:54:00,-9.40848864673701,Stop Loss,0 days 00:24:00,89.14359484107712,47.45238343527369,3.764425759530745,0.1818181818181872
PARTIUSDTUSDT,0.12225109499999999,0.12304529923866749,2025-11-28 05:15:00,2025-11-28 05:15:00,3.480611116066685,Trailing Stop,0 days 00:00:00,78.84429384721228,29.92426963215681,6.440692997721758,0.1524663677130043
SOLVUSDTUSDT,0.018859425,0.018586095353475,2025-11-28 05:30:00,2025-11-28 05:38:00,-8.963414512452418,Stop Loss,0 days 00:08:00,72.21318365695882,26.872145379124422,4.888867080437225,0.22222222222222907
ALCHUSDTUSDT,0.12672333,0.12488672877831,2025-11-28 06:00:00,2025-11-28 06:05:00,-8.29134873971711,Stop Loss,0 days 00:05:00,86.1927429858349,51.19650731090453,5.045717302760169,0.19166666666666068
